nohup: ignoring input
Config: stark-nano-java-100M | device=cuda | dtype=bfloat16
--skip-prepare: validated prepared data (vocab_size=8192, train_tokens=487,692,112, val_tokens=54,188,013)
Model: 91.245M non-embedding params (91.245M total)
Training for 40000 iters (batch_size=32, grad_accum=2, block_size=1024) ...
[eval] iter 0: train_loss=9.1527 val_loss=9.1551 lr=6.00e-07 elapsed=64s
  saved checkpoint -> checkpoints/ckpt.pt (val_loss=9.1551)
iter 0: loss=9.1445 (running=9.1445) lr=6.00e-07
iter 10: loss=7.8884 (running=9.0369) lr=6.60e-06
iter 20: loss=7.2185 (running=8.7499) lr=1.26e-05
iter 30: loss=6.8195 (running=8.4244) lr=1.86e-05
iter 40: loss=6.1816 (running=8.0467) lr=2.46e-05
iter 50: loss=6.0826 (running=7.6751) lr=3.06e-05
iter 60: loss=5.5822 (running=7.3249) lr=3.66e-05
iter 70: loss=5.3770 (running=6.9874) lr=4.26e-05
iter 80: loss=5.2311 (running=6.6838) lr=4.86e-05
iter 90: loss=5.0045 (running=6.4070) lr=5.46e-05
iter 100: loss=5.0132 (running=6.1638) lr=6.06e-05
iter 110: loss=4.9833 (running=5.9404) lr=6.66e-05
iter 120: loss=5.0452 (running=5.7433) lr=7.26e-05
iter 130: loss=4.4863 (running=5.5495) lr=7.86e-05
iter 140: loss=4.5242 (running=5.3544) lr=8.46e-05
iter 150: loss=4.1229 (running=5.1632) lr=9.06e-05
iter 160: loss=4.3654 (running=5.0116) lr=9.66e-05
iter 170: loss=4.1005 (running=4.8670) lr=1.03e-04
iter 180: loss=4.0275 (running=4.7271) lr=1.09e-04
iter 190: loss=3.9594 (running=4.5949) lr=1.15e-04
iter 200: loss=4.1350 (running=4.4740) lr=1.21e-04
iter 210: loss=3.6840 (running=4.3461) lr=1.27e-04
iter 220: loss=3.4137 (running=4.2457) lr=1.33e-04
iter 230: loss=3.5087 (running=4.1387) lr=1.39e-04
iter 240: loss=3.5366 (running=4.0440) lr=1.45e-04
iter 250: loss=3.7560 (running=3.9462) lr=1.51e-04
iter 260: loss=3.5183 (running=3.8523) lr=1.57e-04
iter 270: loss=3.5930 (running=3.7880) lr=1.63e-04
iter 280: loss=3.4694 (running=3.7040) lr=1.69e-04
iter 290: loss=3.0866 (running=3.6238) lr=1.75e-04
iter 300: loss=3.0500 (running=3.5558) lr=1.81e-04
iter 310: loss=3.1629 (running=3.5038) lr=1.87e-04
iter 320: loss=3.1575 (running=3.4327) lr=1.93e-04
iter 330: loss=3.0489 (running=3.3748) lr=1.99e-04
iter 340: loss=2.9772 (running=3.3115) lr=2.05e-04
iter 350: loss=3.0341 (running=3.2510) lr=2.11e-04
iter 360: loss=2.9246 (running=3.1942) lr=2.17e-04
iter 370: loss=3.1591 (running=3.1404) lr=2.23e-04
iter 380: loss=2.8215 (running=3.0990) lr=2.29e-04
iter 390: loss=2.9653 (running=3.0526) lr=2.35e-04
iter 400: loss=2.6706 (running=2.9933) lr=2.41e-04
iter 410: loss=2.6544 (running=2.9492) lr=2.47e-04
iter 420: loss=2.8255 (running=2.9118) lr=2.53e-04
iter 430: loss=2.5198 (running=2.8866) lr=2.59e-04
iter 440: loss=3.0011 (running=2.8515) lr=2.65e-04
iter 450: loss=2.7065 (running=2.8079) lr=2.71e-04
iter 460: loss=2.3811 (running=2.7591) lr=2.77e-04
iter 470: loss=2.6774 (running=2.7075) lr=2.83e-04
iter 480: loss=2.5605 (running=2.6843) lr=2.89e-04
iter 490: loss=2.2617 (running=2.6447) lr=2.95e-04
[eval] iter 500: train_loss=2.3459 val_loss=2.4385 lr=3.00e-04 elapsed=598s
  saved checkpoint -> checkpoints/ckpt.pt (val_loss=2.4385)
iter 500: loss=2.2859 (running=2.5953) lr=3.00e-04
iter 510: loss=2.2732 (running=2.5545) lr=3.00e-04
iter 520: loss=2.4907 (running=2.5280) lr=3.00e-04
iter 530: loss=2.2013 (running=2.4959) lr=3.00e-04
iter 540: loss=2.1951 (running=2.4440) lr=3.00e-04
iter 550: loss=2.3834 (running=2.4107) lr=3.00e-04
iter 560: loss=2.1869 (running=2.3885) lr=3.00e-04
iter 570: loss=2.0750 (running=2.3534) lr=3.00e-04
iter 580: loss=2.3804 (running=2.3235) lr=3.00e-04
iter 590: loss=1.8483 (running=2.2778) lr=3.00e-04
iter 600: loss=2.1899 (running=2.2509) lr=3.00e-04
iter 610: loss=1.9701 (running=2.2111) lr=3.00e-04
iter 620: loss=1.9954 (running=2.1808) lr=3.00e-04
iter 630: loss=2.0202 (running=2.1484) lr=3.00e-04
iter 640: loss=2.0348 (running=2.1219) lr=3.00e-04
iter 650: loss=2.0477 (running=2.1125) lr=3.00e-04
iter 660: loss=1.8518 (running=2.0758) lr=3.00e-04
iter 670: loss=1.8551 (running=2.0415) lr=3.00e-04
iter 680: loss=2.0235 (running=2.0089) lr=3.00e-04
iter 690: loss=1.8499 (running=1.9705) lr=3.00e-04
iter 700: loss=1.6364 (running=1.9331) lr=3.00e-04
iter 710: loss=1.8918 (running=1.9099) lr=3.00e-04
iter 720: loss=1.6936 (running=1.8854) lr=3.00e-04
iter 730: loss=1.6814 (running=1.8556) lr=3.00e-04
iter 740: loss=1.6977 (running=1.8524) lr=3.00e-04
iter 750: loss=1.6872 (running=1.8263) lr=3.00e-04
iter 760: loss=1.5283 (running=1.7967) lr=3.00e-04
iter 770: loss=1.7610 (running=1.7753) lr=3.00e-04
iter 780: loss=1.5242 (running=1.7427) lr=3.00e-04
iter 790: loss=1.8079 (running=1.7173) lr=3.00e-04
iter 800: loss=1.6328 (running=1.7068) lr=3.00e-04
iter 810: loss=1.5434 (running=1.6867) lr=3.00e-04
iter 820: loss=1.6038 (running=1.6680) lr=3.00e-04
iter 830: loss=1.6658 (running=1.6623) lr=3.00e-04
iter 840: loss=1.6575 (running=1.6557) lr=3.00e-04
iter 850: loss=1.5884 (running=1.6462) lr=3.00e-04
iter 860: loss=1.5304 (running=1.6372) lr=3.00e-04
iter 870: loss=1.4668 (running=1.6243) lr=3.00e-04
iter 880: loss=1.5239 (running=1.6178) lr=3.00e-04
iter 890: loss=1.5482 (running=1.6083) lr=3.00e-04
iter 900: loss=1.4456 (running=1.5924) lr=3.00e-04
iter 910: loss=1.6089 (running=1.5737) lr=3.00e-04
iter 920: loss=1.7465 (running=1.5720) lr=3.00e-04
iter 930: loss=1.5727 (running=1.5683) lr=3.00e-04
iter 940: loss=1.3570 (running=1.5547) lr=3.00e-04
iter 950: loss=1.5821 (running=1.5339) lr=3.00e-04
iter 960: loss=1.6305 (running=1.5266) lr=3.00e-04
iter 970: loss=1.3547 (running=1.5158) lr=3.00e-04
iter 980: loss=1.4118 (running=1.5094) lr=3.00e-04
iter 990: loss=1.3691 (running=1.5029) lr=3.00e-04
[eval] iter 1000: train_loss=1.3927 val_loss=1.4493 lr=3.00e-04 elapsed=1131s
  saved checkpoint -> checkpoints/ckpt.pt (val_loss=1.4493)
[sample] iter 1000:
------------------------------------------------------------
public class Foo {
    public static void main(String[] args) throws Exception {
        Foo foo = new Foo();
        Foo foo = foo();
        Foo foo = foo.bar();
        Foo foo = foo.bar();

------------------------------------------------------------
iter 1000: loss=1.5249 (running=1.4970) lr=3.00e-04
iter 1010: loss=1.5417 (running=1.4923) lr=3.00e-04
iter 1020: loss=1.5101 (running=1.4829) lr=3.00e-04
iter 1030: loss=1.6012 (running=1.4732) lr=3.00e-04
iter 1040: loss=1.4117 (running=1.4653) lr=3.00e-04
iter 1050: loss=1.4249 (running=1.4537) lr=3.00e-04
iter 1060: loss=1.5307 (running=1.4509) lr=3.00e-04
iter 1070: loss=1.3070 (running=1.4413) lr=3.00e-04
iter 1080: loss=1.4093 (running=1.4305) lr=3.00e-04
iter 1090: loss=1.1398 (running=1.4198) lr=3.00e-04
iter 1100: loss=1.3114 (running=1.4086) lr=3.00e-04
iter 1110: loss=1.5582 (running=1.4097) lr=3.00e-04
iter 1120: loss=1.4825 (running=1.4080) lr=3.00e-04
iter 1130: loss=1.3549 (running=1.4103) lr=3.00e-04
iter 1140: loss=1.4263 (running=1.4151) lr=3.00e-04
iter 1150: loss=1.4060 (running=1.4126) lr=3.00e-04
iter 1160: loss=1.3003 (running=1.4199) lr=3.00e-04
iter 1170: loss=1.5012 (running=1.4108) lr=3.00e-04
iter 1180: loss=1.4148 (running=1.4130) lr=3.00e-04
iter 1190: loss=1.3280 (running=1.4025) lr=3.00e-04
iter 1200: loss=1.2775 (running=1.3969) lr=3.00e-04
iter 1210: loss=1.2944 (running=1.3913) lr=3.00e-04
iter 1220: loss=1.3533 (running=1.3794) lr=3.00e-04
iter 1230: loss=1.5734 (running=1.3877) lr=3.00e-04
iter 1240: loss=1.4291 (running=1.3893) lr=3.00e-04
iter 1250: loss=1.2844 (running=1.3795) lr=3.00e-04
iter 1260: loss=1.1627 (running=1.3698) lr=3.00e-04
iter 1270: loss=1.3311 (running=1.3511) lr=3.00e-04
iter 1280: loss=1.2791 (running=1.3500) lr=3.00e-04
iter 1290: loss=1.4951 (running=1.3441) lr=3.00e-04
iter 1300: loss=1.1706 (running=1.3376) lr=3.00e-04
iter 1310: loss=1.3664 (running=1.3384) lr=3.00e-04
iter 1320: loss=1.1783 (running=1.3311) lr=3.00e-04
iter 1330: loss=1.5337 (running=1.3337) lr=3.00e-04
iter 1340: loss=1.2939 (running=1.3259) lr=3.00e-04
iter 1350: loss=1.3397 (running=1.3233) lr=3.00e-04
iter 1360: loss=1.1681 (running=1.3182) lr=3.00e-04
iter 1370: loss=1.4723 (running=1.3143) lr=3.00e-04
iter 1380: loss=1.2967 (running=1.3097) lr=3.00e-04
iter 1390: loss=1.3790 (running=1.3243) lr=3.00e-04
iter 1400: loss=1.2293 (running=1.3168) lr=3.00e-04
iter 1410: loss=1.2716 (running=1.3052) lr=3.00e-04
iter 1420: loss=1.2283 (running=1.2897) lr=3.00e-04
iter 1430: loss=1.2724 (running=1.2925) lr=3.00e-04
iter 1440: loss=1.3837 (running=1.2820) lr=3.00e-04
iter 1450: loss=1.3728 (running=1.2851) lr=3.00e-04
iter 1460: loss=1.1831 (running=1.2819) lr=3.00e-04
iter 1470: loss=1.4410 (running=1.2832) lr=3.00e-04
iter 1480: loss=1.3172 (running=1.2759) lr=3.00e-04
iter 1490: loss=1.1772 (running=1.2846) lr=3.00e-04
[eval] iter 1500: train_loss=1.2198 val_loss=1.2541 lr=3.00e-04 elapsed=1664s
  saved checkpoint -> checkpoints/ckpt.pt (val_loss=1.2541)
iter 1500: loss=1.1482 (running=1.2756) lr=3.00e-04
iter 1510: loss=1.3401 (running=1.2822) lr=3.00e-04
iter 1520: loss=1.2920 (running=1.2756) lr=3.00e-04
iter 1530: loss=1.2657 (running=1.2786) lr=3.00e-04
iter 1540: loss=1.2059 (running=1.2733) lr=3.00e-04
iter 1550: loss=1.2234 (running=1.2655) lr=3.00e-04
iter 1560: loss=1.1641 (running=1.2614) lr=3.00e-04
iter 1570: loss=1.2736 (running=1.2655) lr=3.00e-04
iter 1580: loss=1.4164 (running=1.2681) lr=3.00e-04
iter 1590: loss=1.2087 (running=1.2582) lr=2.99e-04
iter 1600: loss=1.1367 (running=1.2542) lr=2.99e-04
iter 1610: loss=1.1575 (running=1.2518) lr=2.99e-04
iter 1620: loss=1.1715 (running=1.2491) lr=2.99e-04
iter 1630: loss=1.3007 (running=1.2507) lr=2.99e-04
iter 1640: loss=1.1938 (running=1.2458) lr=2.99e-04
iter 1650: loss=1.0617 (running=1.2500) lr=2.99e-04
iter 1660: loss=1.1802 (running=1.2438) lr=2.99e-04
iter 1670: loss=1.3187 (running=1.2407) lr=2.99e-04
iter 1680: loss=1.1126 (running=1.2404) lr=2.99e-04
iter 1690: loss=1.1165 (running=1.2385) lr=2.99e-04
iter 1700: loss=1.2081 (running=1.2347) lr=2.99e-04
iter 1710: loss=1.1575 (running=1.2300) lr=2.99e-04
iter 1720: loss=1.2695 (running=1.2273) lr=2.99e-04
iter 1730: loss=1.2744 (running=1.2257) lr=2.99e-04
iter 1740: loss=1.2554 (running=1.2274) lr=2.99e-04
iter 1750: loss=1.1772 (running=1.2316) lr=2.99e-04
iter 1760: loss=1.1905 (running=1.2305) lr=2.99e-04
iter 1770: loss=1.1245 (running=1.2202) lr=2.99e-04
iter 1780: loss=1.1917 (running=1.2117) lr=2.99e-04
iter 1790: loss=1.1792 (running=1.2037) lr=2.99e-04
iter 1800: loss=1.2384 (running=1.2096) lr=2.99e-04
iter 1810: loss=1.1134 (running=1.2160) lr=2.99e-04
iter 1820: loss=1.3534 (running=1.2155) lr=2.99e-04
iter 1830: loss=1.0569 (running=1.2095) lr=2.99e-04
iter 1840: loss=1.2313 (running=1.2094) lr=2.99e-04
iter 1850: loss=1.0837 (running=1.2148) lr=2.99e-04
iter 1860: loss=1.0489 (running=1.2083) lr=2.99e-04
iter 1870: loss=1.2117 (running=1.2116) lr=2.99e-04
iter 1880: loss=1.3604 (running=1.2075) lr=2.99e-04
iter 1890: loss=1.2298 (running=1.2013) lr=2.99e-04
iter 1900: loss=1.2106 (running=1.2079) lr=2.99e-04
iter 1910: loss=1.0717 (running=1.2072) lr=2.99e-04
iter 1920: loss=1.1961 (running=1.2095) lr=2.99e-04
iter 1930: loss=1.1289 (running=1.2097) lr=2.99e-04
iter 1940: loss=1.4122 (running=1.2059) lr=2.99e-04
iter 1950: loss=1.2234 (running=1.2110) lr=2.99e-04
iter 1960: loss=1.0808 (running=1.2052) lr=2.99e-04
iter 1970: loss=1.2939 (running=1.2005) lr=2.99e-04
iter 1980: loss=1.0601 (running=1.1941) lr=2.99e-04
iter 1990: loss=1.3526 (running=1.1973) lr=2.99e-04
[eval] iter 2000: train_loss=1.1333 val_loss=1.1431 lr=2.99e-04 elapsed=2198s
  saved checkpoint -> checkpoints/ckpt.pt (val_loss=1.1431)
[sample] iter 2000:
------------------------------------------------------------
public class Test {
      final int id = 1, id = 10;
      final int id = 100;
    }

    public static void main(String[] args) {
      System.out.println("Test.getTestInstance().getTestInstance().getParent() returns true");

------------------------------------------------------------
iter 2000: loss=1.2380 (running=1.1995) lr=2.99e-04
iter 2010: loss=1.1468 (running=1.1958) lr=2.99e-04
iter 2020: loss=1.0613 (running=1.1921) lr=2.99e-04
iter 2030: loss=1.4173 (running=1.1917) lr=2.99e-04
iter 2040: loss=1.1233 (running=1.1865) lr=2.99e-04
iter 2050: loss=1.2643 (running=1.1828) lr=2.99e-04
iter 2060: loss=1.1366 (running=1.1824) lr=2.99e-04
iter 2070: loss=1.1138 (running=1.1767) lr=2.99e-04
iter 2080: loss=1.1423 (running=1.1754) lr=2.99e-04
iter 2090: loss=1.1438 (running=1.1710) lr=2.99e-04
iter 2100: loss=1.2651 (running=1.1768) lr=2.99e-04
iter 2110: loss=1.1834 (running=1.1710) lr=2.99e-04
iter 2120: loss=1.1559 (running=1.1676) lr=2.99e-04
iter 2130: loss=1.1170 (running=1.1717) lr=2.99e-04
iter 2140: loss=1.0948 (running=1.1572) lr=2.99e-04
iter 2150: loss=1.2644 (running=1.1597) lr=2.99e-04
iter 2160: loss=1.1230 (running=1.1674) lr=2.99e-04
iter 2170: loss=1.0890 (running=1.1745) lr=2.99e-04
iter 2180: loss=1.1487 (running=1.1804) lr=2.99e-04
iter 2190: loss=1.1012 (running=1.1710) lr=2.99e-04
iter 2200: loss=1.1592 (running=1.1553) lr=2.99e-04
iter 2210: loss=1.1359 (running=1.1489) lr=2.99e-04
iter 2220: loss=1.1818 (running=1.1500) lr=2.99e-04
iter 2230: loss=1.1439 (running=1.1558) lr=2.99e-04
iter 2240: loss=1.0599 (running=1.1639) lr=2.99e-04
iter 2250: loss=1.1355 (running=1.1637) lr=2.99e-04
iter 2260: loss=1.1424 (running=1.1596) lr=2.99e-04
iter 2270: loss=1.1177 (running=1.1546) lr=2.99e-04
iter 2280: loss=1.4089 (running=1.1553) lr=2.99e-04
iter 2290: loss=1.0513 (running=1.1504) lr=2.99e-04
iter 2300: loss=1.0837 (running=1.1451) lr=2.99e-04
iter 2310: loss=1.0167 (running=1.1429) lr=2.99e-04
iter 2320: loss=1.0625 (running=1.1432) lr=2.99e-04
iter 2330: loss=1.0951 (running=1.1448) lr=2.99e-04
iter 2340: loss=1.1576 (running=1.1468) lr=2.99e-04
iter 2350: loss=1.1853 (running=1.1505) lr=2.99e-04
iter 2360: loss=1.1470 (running=1.1439) lr=2.99e-04
iter 2370: loss=1.0680 (running=1.1512) lr=2.99e-04
iter 2380: loss=1.1441 (running=1.1397) lr=2.98e-04
iter 2390: loss=1.0034 (running=1.1275) lr=2.98e-04
iter 2400: loss=1.0713 (running=1.1234) lr=2.98e-04
iter 2410: loss=1.2542 (running=1.1328) lr=2.98e-04
iter 2420: loss=1.0848 (running=1.1342) lr=2.98e-04
iter 2430: loss=1.1449 (running=1.1365) lr=2.98e-04
iter 2440: loss=1.0129 (running=1.1319) lr=2.98e-04
iter 2450: loss=1.0913 (running=1.1419) lr=2.98e-04
iter 2460: loss=1.2085 (running=1.1376) lr=2.98e-04
iter 2470: loss=0.9347 (running=1.1312) lr=2.98e-04
iter 2480: loss=1.1103 (running=1.1304) lr=2.98e-04
iter 2490: loss=1.0608 (running=1.1366) lr=2.98e-04
[eval] iter 2500: train_loss=1.0701 val_loss=1.0913 lr=2.98e-04 elapsed=2726s
  saved checkpoint -> checkpoints/ckpt.pt (val_loss=1.0913)
iter 2500: loss=1.1802 (running=1.1370) lr=2.98e-04
iter 2510: loss=1.1410 (running=1.1315) lr=2.98e-04
iter 2520: loss=1.0513 (running=1.1288) lr=2.98e-04
iter 2530: loss=1.1542 (running=1.1301) lr=2.98e-04
iter 2540: loss=1.1260 (running=1.1216) lr=2.98e-04
iter 2550: loss=1.1138 (running=1.1166) lr=2.98e-04
iter 2560: loss=0.9411 (running=1.1159) lr=2.98e-04
iter 2570: loss=1.1371 (running=1.1102) lr=2.98e-04
iter 2580: loss=0.9969 (running=1.1098) lr=2.98e-04
iter 2590: loss=1.0598 (running=1.1141) lr=2.98e-04
iter 2600: loss=1.1234 (running=1.1118) lr=2.98e-04
iter 2610: loss=1.1919 (running=1.1199) lr=2.98e-04
iter 2620: loss=1.1357 (running=1.1203) lr=2.98e-04
iter 2630: loss=1.0770 (running=1.1185) lr=2.98e-04
iter 2640: loss=1.0711 (running=1.1230) lr=2.98e-04
iter 2650: loss=1.1782 (running=1.1172) lr=2.98e-04
iter 2660: loss=1.1129 (running=1.1167) lr=2.98e-04
iter 2670: loss=1.1368 (running=1.1112) lr=2.98e-04
iter 2680: loss=1.1802 (running=1.1080) lr=2.98e-04
iter 2690: loss=0.9690 (running=1.1087) lr=2.98e-04
iter 2700: loss=1.1168 (running=1.0976) lr=2.98e-04
iter 2710: loss=1.1026 (running=1.0931) lr=2.98e-04
iter 2720: loss=1.1186 (running=1.0940) lr=2.98e-04
iter 2730: loss=1.1307 (running=1.0925) lr=2.98e-04
iter 2740: loss=1.0716 (running=1.0936) lr=2.98e-04
iter 2750: loss=1.1420 (running=1.0898) lr=2.98e-04
iter 2760: loss=1.0164 (running=1.0816) lr=2.98e-04
iter 2770: loss=1.1577 (running=1.0848) lr=2.98e-04
iter 2780: loss=1.0810 (running=1.0760) lr=2.98e-04
iter 2790: loss=1.1648 (running=1.0866) lr=2.98e-04
iter 2800: loss=1.0212 (running=1.0866) lr=2.98e-04
iter 2810: loss=0.9947 (running=1.0908) lr=2.98e-04
iter 2820: loss=1.1040 (running=1.0943) lr=2.98e-04
iter 2830: loss=1.1206 (running=1.0913) lr=2.98e-04
iter 2840: loss=1.0930 (running=1.0969) lr=2.98e-04
iter 2850: loss=1.0473 (running=1.0898) lr=2.98e-04
iter 2860: loss=0.8947 (running=1.0737) lr=2.98e-04
iter 2870: loss=1.1451 (running=1.0779) lr=2.98e-04
iter 2880: loss=1.0881 (running=1.0824) lr=2.98e-04
iter 2890: loss=1.1608 (running=1.0771) lr=2.98e-04
iter 2900: loss=1.1064 (running=1.0678) lr=2.98e-04
iter 2910: loss=0.9224 (running=1.0708) lr=2.98e-04
iter 2920: loss=1.2427 (running=1.0699) lr=2.98e-04
iter 2930: loss=1.0155 (running=1.0784) lr=2.97e-04
iter 2940: loss=1.1106 (running=1.0743) lr=2.97e-04
iter 2950: loss=1.1303 (running=1.0705) lr=2.97e-04
iter 2960: loss=1.0890 (running=1.0681) lr=2.97e-04
iter 2970: loss=0.8743 (running=1.0580) lr=2.97e-04
iter 2980: loss=0.9625 (running=1.0581) lr=2.97e-04
iter 2990: loss=1.0712 (running=1.0635) lr=2.97e-04
[eval] iter 3000: train_loss=1.0288 val_loss=1.0489 lr=2.97e-04 elapsed=3262s
  saved checkpoint -> checkpoints/ckpt.pt (val_loss=1.0489)
[sample] iter 3000:
------------------------------------------------------------
public class CustomKeyPairGenerationException extends Exception {
    public CustomKeyPairGenerationException(String message, long position, String key, String message, Object key) {
        super(message, position, key, message, key);
    }

    public CustomKeyPairGeneration
------------------------------------------------------------
iter 3000: loss=1.0833 (running=1.0671) lr=2.97e-04
iter 3010: loss=1.1446 (running=1.0746) lr=2.97e-04
iter 3020: loss=0.9531 (running=1.0709) lr=2.97e-04
iter 3030: loss=1.1522 (running=1.0686) lr=2.97e-04
iter 3040: loss=1.0321 (running=1.0651) lr=2.97e-04
iter 3050: loss=1.1698 (running=1.0679) lr=2.97e-04
iter 3060: loss=1.1082 (running=1.0650) lr=2.97e-04
iter 3070: loss=1.0201 (running=1.0684) lr=2.97e-04
iter 3080: loss=0.9893 (running=1.0664) lr=2.97e-04
iter 3090: loss=1.0117 (running=1.0573) lr=2.97e-04
iter 3100: loss=0.9921 (running=1.0536) lr=2.97e-04
iter 3110: loss=0.9699 (running=1.0589) lr=2.97e-04
iter 3120: loss=1.0101 (running=1.0536) lr=2.97e-04
iter 3130: loss=1.0275 (running=1.0475) lr=2.97e-04
iter 3140: loss=1.0587 (running=1.0531) lr=2.97e-04
iter 3150: loss=0.9887 (running=1.0495) lr=2.97e-04
iter 3160: loss=0.9082 (running=1.0524) lr=2.97e-04
iter 3170: loss=1.1258 (running=1.0526) lr=2.97e-04
iter 3180: loss=1.1223 (running=1.0577) lr=2.97e-04
iter 3190: loss=1.0910 (running=1.0552) lr=2.97e-04
iter 3200: loss=1.0198 (running=1.0544) lr=2.97e-04
iter 3210: loss=1.2391 (running=1.0532) lr=2.97e-04
iter 3220: loss=1.0088 (running=1.0541) lr=2.97e-04
iter 3230: loss=0.9058 (running=1.0415) lr=2.97e-04
iter 3240: loss=1.0275 (running=1.0428) lr=2.97e-04
iter 3250: loss=1.0237 (running=1.0453) lr=2.97e-04
iter 3260: loss=1.1309 (running=1.0528) lr=2.97e-04
iter 3270: loss=1.0108 (running=1.0628) lr=2.97e-04
iter 3280: loss=1.0694 (running=1.0640) lr=2.97e-04
iter 3290: loss=1.3271 (running=1.0649) lr=2.97e-04
iter 3300: loss=1.0781 (running=1.0719) lr=2.97e-04
iter 3310: loss=1.1110 (running=1.0709) lr=2.97e-04
iter 3320: loss=1.1165 (running=1.0720) lr=2.97e-04
iter 3330: loss=1.0651 (running=1.0626) lr=2.97e-04
iter 3340: loss=1.0949 (running=1.0587) lr=2.97e-04
iter 3350: loss=1.1546 (running=1.0504) lr=2.97e-04
iter 3360: loss=1.0850 (running=1.0375) lr=2.97e-04
iter 3370: loss=0.9981 (running=1.0357) lr=2.96e-04
iter 3380: loss=0.9724 (running=1.0313) lr=2.96e-04
iter 3390: loss=0.9521 (running=1.0237) lr=2.96e-04
iter 3400: loss=1.0004 (running=1.0334) lr=2.96e-04
iter 3410: loss=1.0843 (running=1.0372) lr=2.96e-04
iter 3420: loss=1.0094 (running=1.0319) lr=2.96e-04
iter 3430: loss=1.0004 (running=1.0320) lr=2.96e-04
iter 3440: loss=0.9438 (running=1.0244) lr=2.96e-04
iter 3450: loss=1.0540 (running=1.0303) lr=2.96e-04
iter 3460: loss=1.1027 (running=1.0369) lr=2.96e-04
iter 3470: loss=1.1059 (running=1.0378) lr=2.96e-04
iter 3480: loss=1.1616 (running=1.0414) lr=2.96e-04
iter 3490: loss=1.0157 (running=1.0446) lr=2.96e-04
[eval] iter 3500: train_loss=1.0000 val_loss=1.0226 lr=2.96e-04 elapsed=3796s
  saved checkpoint -> checkpoints/ckpt.pt (val_loss=1.0226)
iter 3500: loss=1.1768 (running=1.0433) lr=2.96e-04
iter 3510: loss=0.9966 (running=1.0373) lr=2.96e-04
iter 3520: loss=0.9918 (running=1.0269) lr=2.96e-04
iter 3530: loss=0.8949 (running=1.0182) lr=2.96e-04
iter 3540: loss=1.0813 (running=1.0164) lr=2.96e-04
iter 3550: loss=0.9290 (running=1.0182) lr=2.96e-04
iter 3560: loss=1.1325 (running=1.0226) lr=2.96e-04
iter 3570: loss=0.8698 (running=1.0181) lr=2.96e-04
iter 3580: loss=0.9881 (running=1.0189) lr=2.96e-04
iter 3590: loss=0.8994 (running=1.0201) lr=2.96e-04
iter 3600: loss=0.9772 (running=1.0226) lr=2.96e-04
iter 3610: loss=1.1057 (running=1.0364) lr=2.96e-04
iter 3620: loss=0.9797 (running=1.0356) lr=2.96e-04
iter 3630: loss=1.0548 (running=1.0332) lr=2.96e-04
iter 3640: loss=1.1511 (running=1.0285) lr=2.96e-04
iter 3650: loss=0.9589 (running=1.0223) lr=2.96e-04
iter 3660: loss=0.9603 (running=1.0249) lr=2.96e-04
iter 3670: loss=0.9560 (running=1.0228) lr=2.96e-04
iter 3680: loss=1.1439 (running=1.0258) lr=2.96e-04
iter 3690: loss=1.1653 (running=1.0261) lr=2.96e-04
iter 3700: loss=0.9430 (running=1.0232) lr=2.96e-04
iter 3710: loss=0.9334 (running=1.0152) lr=2.96e-04
iter 3720: loss=1.0834 (running=1.0135) lr=2.96e-04
iter 3730: loss=1.0895 (running=1.0180) lr=2.96e-04
iter 3740: loss=1.0757 (running=1.0200) lr=2.96e-04
iter 3750: loss=1.0323 (running=1.0153) lr=2.96e-04
iter 3760: loss=1.0793 (running=1.0122) lr=2.95e-04
iter 3770: loss=1.0515 (running=1.0105) lr=2.95e-04
iter 3780: loss=1.1213 (running=1.0210) lr=2.95e-04
iter 3790: loss=0.9639 (running=1.0167) lr=2.95e-04
iter 3800: loss=0.9487 (running=1.0157) lr=2.95e-04
iter 3810: loss=0.9115 (running=1.0150) lr=2.95e-04
iter 3820: loss=0.8614 (running=1.0052) lr=2.95e-04
iter 3830: loss=1.0303 (running=1.0055) lr=2.95e-04
iter 3840: loss=1.0297 (running=1.0091) lr=2.95e-04
iter 3850: loss=1.0487 (running=1.0172) lr=2.95e-04
iter 3860: loss=1.0017 (running=1.0156) lr=2.95e-04
iter 3870: loss=0.9382 (running=1.0109) lr=2.95e-04
iter 3880: loss=0.9014 (running=1.0086) lr=2.95e-04
iter 3890: loss=0.9790 (running=1.0054) lr=2.95e-04
iter 3900: loss=1.0903 (running=1.0142) lr=2.95e-04
iter 3910: loss=0.9553 (running=1.0099) lr=2.95e-04
iter 3920: loss=0.9277 (running=1.0016) lr=2.95e-04
iter 3930: loss=1.0995 (running=1.0099) lr=2.95e-04
iter 3940: loss=0.9963 (running=1.0186) lr=2.95e-04
iter 3950: loss=1.0105 (running=1.0155) lr=2.95e-04
iter 3960: loss=1.0055 (running=1.0129) lr=2.95e-04
iter 3970: loss=0.9636 (running=1.0094) lr=2.95e-04
iter 3980: loss=1.0973 (running=1.0050) lr=2.95e-04
iter 3990: loss=0.8665 (running=1.0003) lr=2.95e-04
[eval] iter 4000: train_loss=0.9590 val_loss=0.9977 lr=2.95e-04 elapsed=4333s
  saved checkpoint -> checkpoints/ckpt.pt (val_loss=0.9977)
[sample] iter 4000:
------------------------------------------------------------
public class TestDataSource {

        public TestDataSource(String name, String... data) {
            super("data", data);
        }

        public String getName() {
            return name;
        }

        public String getData(String name) {
            
------------------------------------------------------------
iter 4000: loss=0.8823 (running=1.0127) lr=2.95e-04
iter 4010: loss=0.9754 (running=1.0003) lr=2.95e-04
iter 4020: loss=1.1414 (running=1.0012) lr=2.95e-04
iter 4030: loss=0.9226 (running=1.0009) lr=2.95e-04
iter 4040: loss=0.9116 (running=1.0044) lr=2.95e-04
iter 4050: loss=0.8696 (running=1.0031) lr=2.95e-04
iter 4060: loss=0.9865 (running=0.9977) lr=2.95e-04
iter 4070: loss=0.9482 (running=0.9932) lr=2.95e-04
iter 4080: loss=0.9523 (running=0.9920) lr=2.95e-04
iter 4090: loss=0.9215 (running=0.9930) lr=2.95e-04
iter 4100: loss=1.1901 (running=0.9927) lr=2.95e-04
iter 4110: loss=0.9614 (running=0.9923) lr=2.94e-04
iter 4120: loss=1.0042 (running=0.9877) lr=2.94e-04
iter 4130: loss=0.9216 (running=0.9874) lr=2.94e-04
iter 4140: loss=0.9631 (running=0.9831) lr=2.94e-04
iter 4150: loss=1.0349 (running=0.9844) lr=2.94e-04
iter 4160: loss=0.8520 (running=0.9829) lr=2.94e-04
iter 4170: loss=0.8960 (running=0.9805) lr=2.94e-04
iter 4180: loss=0.9607 (running=0.9789) lr=2.94e-04
iter 4190: loss=0.8739 (running=0.9767) lr=2.94e-04
iter 4200: loss=0.9149 (running=0.9756) lr=2.94e-04
iter 4210: loss=1.0874 (running=0.9766) lr=2.94e-04
iter 4220: loss=1.1146 (running=0.9804) lr=2.94e-04
iter 4230: loss=0.8649 (running=0.9820) lr=2.94e-04
iter 4240: loss=0.9093 (running=0.9782) lr=2.94e-04
iter 4250: loss=1.0395 (running=0.9819) lr=2.94e-04
iter 4260: loss=1.0851 (running=0.9915) lr=2.94e-04
iter 4270: loss=1.1311 (running=0.9907) lr=2.94e-04
iter 4280: loss=0.9695 (running=0.9999) lr=2.94e-04
iter 4290: loss=0.8868 (running=0.9945) lr=2.94e-04
iter 4300: loss=1.0637 (running=0.9981) lr=2.94e-04
iter 4310: loss=0.9560 (running=0.9980) lr=2.94e-04
iter 4320: loss=1.0912 (running=0.9914) lr=2.94e-04
iter 4330: loss=0.9701 (running=0.9883) lr=2.94e-04
iter 4340: loss=0.8953 (running=0.9809) lr=2.94e-04
iter 4350: loss=0.9264 (running=0.9729) lr=2.94e-04
iter 4360: loss=0.9679 (running=0.9784) lr=2.94e-04
iter 4370: loss=1.0775 (running=0.9813) lr=2.94e-04
iter 4380: loss=1.0844 (running=0.9856) lr=2.94e-04
iter 4390: loss=0.9915 (running=0.9823) lr=2.94e-04
iter 4400: loss=0.9911 (running=0.9758) lr=2.94e-04
iter 4410: loss=0.8560 (running=0.9793) lr=2.94e-04
iter 4420: loss=1.0703 (running=0.9865) lr=2.93e-04
iter 4430: loss=1.0171 (running=0.9790) lr=2.93e-04
iter 4440: loss=0.9444 (running=0.9831) lr=2.93e-04
iter 4450: loss=1.0466 (running=0.9842) lr=2.93e-04
iter 4460: loss=0.9283 (running=0.9837) lr=2.93e-04
iter 4470: loss=1.0408 (running=0.9841) lr=2.93e-04
iter 4480: loss=0.9857 (running=0.9831) lr=2.93e-04
iter 4490: loss=0.9581 (running=0.9796) lr=2.93e-04
[eval] iter 4500: train_loss=0.9258 val_loss=0.9625 lr=2.93e-04 elapsed=4870s
  saved checkpoint -> checkpoints/ckpt.pt (val_loss=0.9625)
iter 4500: loss=0.9926 (running=0.9722) lr=2.93e-04
iter 4510: loss=1.0455 (running=0.9770) lr=2.93e-04
iter 4520: loss=1.0053 (running=0.9784) lr=2.93e-04
iter 4530: loss=0.9566 (running=0.9675) lr=2.93e-04
iter 4540: loss=1.1686 (running=0.9745) lr=2.93e-04
iter 4550: loss=1.0520 (running=0.9811) lr=2.93e-04
iter 4560: loss=0.9774 (running=0.9816) lr=2.93e-04
iter 4570: loss=1.0594 (running=0.9844) lr=2.93e-04
iter 4580: loss=0.9697 (running=0.9820) lr=2.93e-04
iter 4590: loss=0.9944 (running=0.9762) lr=2.93e-04
iter 4600: loss=0.9632 (running=0.9816) lr=2.93e-04
iter 4610: loss=0.9332 (running=0.9828) lr=2.93e-04
iter 4620: loss=0.8161 (running=0.9839) lr=2.93e-04
iter 4630: loss=1.1447 (running=0.9953) lr=2.93e-04
iter 4640: loss=0.8496 (running=0.9818) lr=2.93e-04
iter 4650: loss=0.9375 (running=0.9796) lr=2.93e-04
iter 4660: loss=0.9327 (running=0.9826) lr=2.93e-04
iter 4670: loss=1.0649 (running=0.9789) lr=2.93e-04
iter 4680: loss=0.9054 (running=0.9697) lr=2.93e-04
iter 4690: loss=0.9097 (running=0.9688) lr=2.93e-04
iter 4700: loss=1.0237 (running=0.9651) lr=2.93e-04
iter 4710: loss=1.0187 (running=0.9693) lr=2.93e-04
iter 4720: loss=0.9418 (running=0.9685) lr=2.92e-04
iter 4730: loss=0.9291 (running=0.9720) lr=2.92e-04
iter 4740: loss=0.9500 (running=0.9814) lr=2.92e-04
iter 4750: loss=0.9593 (running=0.9842) lr=2.92e-04
iter 4760: loss=0.9973 (running=0.9819) lr=2.92e-04
iter 4770: loss=1.0039 (running=0.9702) lr=2.92e-04
iter 4780: loss=1.0339 (running=0.9778) lr=2.92e-04
iter 4790: loss=0.9403 (running=0.9688) lr=2.92e-04
iter 4800: loss=0.9478 (running=0.9662) lr=2.92e-04
iter 4810: loss=1.0127 (running=0.9642) lr=2.92e-04
iter 4820: loss=0.9085 (running=0.9636) lr=2.92e-04
iter 4830: loss=1.0328 (running=0.9689) lr=2.92e-04
iter 4840: loss=0.8174 (running=0.9656) lr=2.92e-04
iter 4850: loss=0.9677 (running=0.9683) lr=2.92e-04
iter 4860: loss=0.9249 (running=0.9624) lr=2.92e-04
iter 4870: loss=0.8993 (running=0.9589) lr=2.92e-04
iter 4880: loss=0.8438 (running=0.9545) lr=2.92e-04
iter 4890: loss=0.9645 (running=0.9503) lr=2.92e-04
iter 4900: loss=0.9056 (running=0.9385) lr=2.92e-04
iter 4910: loss=0.8883 (running=0.9417) lr=2.92e-04
iter 4920: loss=1.0140 (running=0.9457) lr=2.92e-04
iter 4930: loss=0.9254 (running=0.9471) lr=2.92e-04
iter 4940: loss=0.8224 (running=0.9496) lr=2.92e-04
iter 4950: loss=0.8326 (running=0.9480) lr=2.92e-04
iter 4960: loss=0.9235 (running=0.9507) lr=2.92e-04
iter 4970: loss=0.9025 (running=0.9504) lr=2.92e-04
iter 4980: loss=0.8791 (running=0.9460) lr=2.92e-04
iter 4990: loss=0.8752 (running=0.9456) lr=2.91e-04
[eval] iter 5000: train_loss=0.9039 val_loss=0.9438 lr=2.91e-04 elapsed=5405s
  saved checkpoint -> checkpoints/ckpt.pt (val_loss=0.9438)
[sample] iter 5000:
------------------------------------------------------------
public class Musicistration {
    public static String usingAccount(String name, String age, String isbn, String isbn) {
        return when(name, age, isbn).thenReturn(isbn, isbn);
    }
}



------------------------------------------------------------
iter 5000: loss=0.9246 (running=0.9476) lr=2.91e-04
iter 5010: loss=0.9453 (running=0.9465) lr=2.91e-04
iter 5020: loss=0.7841 (running=0.9402) lr=2.91e-04
iter 5030: loss=0.7918 (running=0.9286) lr=2.91e-04
iter 5040: loss=0.9228 (running=0.9341) lr=2.91e-04
iter 5050: loss=0.9443 (running=0.9429) lr=2.91e-04
iter 5060: loss=0.9363 (running=0.9417) lr=2.91e-04
iter 5070: loss=1.0369 (running=0.9465) lr=2.91e-04
iter 5080: loss=1.0429 (running=0.9470) lr=2.91e-04
iter 5090: loss=0.9658 (running=0.9518) lr=2.91e-04
iter 5100: loss=1.0355 (running=0.9559) lr=2.91e-04
iter 5110: loss=0.9966 (running=0.9531) lr=2.91e-04
iter 5120: loss=0.9119 (running=0.9508) lr=2.91e-04
iter 5130: loss=0.9038 (running=0.9527) lr=2.91e-04
iter 5140: loss=0.9850 (running=0.9522) lr=2.91e-04
iter 5150: loss=0.9155 (running=0.9481) lr=2.91e-04
iter 5160: loss=0.9153 (running=0.9514) lr=2.91e-04
iter 5170: loss=0.7672 (running=0.9492) lr=2.91e-04
iter 5180: loss=0.9178 (running=0.9478) lr=2.91e-04
iter 5190: loss=0.8308 (running=0.9361) lr=2.91e-04
iter 5200: loss=1.0095 (running=0.9456) lr=2.91e-04
iter 5210: loss=0.7506 (running=0.9402) lr=2.91e-04
iter 5220: loss=1.0198 (running=0.9526) lr=2.91e-04
iter 5230: loss=0.9126 (running=0.9468) lr=2.91e-04
iter 5240: loss=0.9267 (running=0.9437) lr=2.91e-04
iter 5250: loss=0.8952 (running=0.9412) lr=2.90e-04
iter 5260: loss=1.1039 (running=0.9402) lr=2.90e-04
iter 5270: loss=1.0907 (running=0.9440) lr=2.90e-04
iter 5280: loss=0.8869 (running=0.9380) lr=2.90e-04
iter 5290: loss=0.8698 (running=0.9331) lr=2.90e-04
iter 5300: loss=1.0045 (running=0.9442) lr=2.90e-04
iter 5310: loss=0.9422 (running=0.9425) lr=2.90e-04
iter 5320: loss=0.8859 (running=0.9349) lr=2.90e-04
iter 5330: loss=0.8390 (running=0.9382) lr=2.90e-04
iter 5340: loss=0.8408 (running=0.9408) lr=2.90e-04
iter 5350: loss=0.9292 (running=0.9420) lr=2.90e-04
iter 5360: loss=0.9546 (running=0.9432) lr=2.90e-04
iter 5370: loss=0.9929 (running=0.9371) lr=2.90e-04
iter 5380: loss=0.8870 (running=0.9372) lr=2.90e-04
iter 5390: loss=1.0201 (running=0.9316) lr=2.90e-04
iter 5400: loss=0.8711 (running=0.9308) lr=2.90e-04
iter 5410: loss=0.8820 (running=0.9340) lr=2.90e-04
iter 5420: loss=0.9104 (running=0.9374) lr=2.90e-04
iter 5430: loss=0.9968 (running=0.9370) lr=2.90e-04
iter 5440: loss=0.9016 (running=0.9378) lr=2.90e-04
iter 5450: loss=0.8082 (running=0.9395) lr=2.90e-04
iter 5460: loss=0.9578 (running=0.9435) lr=2.90e-04
iter 5470: loss=0.9432 (running=0.9432) lr=2.90e-04
iter 5480: loss=0.8932 (running=0.9463) lr=2.90e-04
iter 5490: loss=0.7635 (running=0.9382) lr=2.90e-04
[eval] iter 5500: train_loss=0.8758 val_loss=0.9258 lr=2.89e-04 elapsed=5941s
  saved checkpoint -> checkpoints/ckpt.pt (val_loss=0.9258)
iter 5500: loss=0.8531 (running=0.9407) lr=2.89e-04
iter 5510: loss=0.9304 (running=0.9389) lr=2.89e-04
iter 5520: loss=0.9100 (running=0.9372) lr=2.89e-04
iter 5530: loss=0.8129 (running=0.9379) lr=2.89e-04
iter 5540: loss=1.0107 (running=0.9441) lr=2.89e-04
iter 5550: loss=0.9025 (running=0.9315) lr=2.89e-04
iter 5560: loss=1.0121 (running=0.9385) lr=2.89e-04
iter 5570: loss=0.9616 (running=0.9373) lr=2.89e-04
iter 5580: loss=0.9061 (running=0.9358) lr=2.89e-04
iter 5590: loss=0.8844 (running=0.9331) lr=2.89e-04
iter 5600: loss=0.8657 (running=0.9324) lr=2.89e-04
iter 5610: loss=0.9729 (running=0.9344) lr=2.89e-04
iter 5620: loss=0.7950 (running=0.9378) lr=2.89e-04
iter 5630: loss=0.9712 (running=0.9364) lr=2.89e-04
iter 5640: loss=1.0791 (running=0.9329) lr=2.89e-04
iter 5650: loss=0.9690 (running=0.9368) lr=2.89e-04
iter 5660: loss=0.9031 (running=0.9285) lr=2.89e-04
iter 5670: loss=0.9445 (running=0.9245) lr=2.89e-04
iter 5680: loss=0.9226 (running=0.9318) lr=2.89e-04
iter 5690: loss=0.9440 (running=0.9287) lr=2.89e-04
iter 5700: loss=0.9362 (running=0.9289) lr=2.89e-04
iter 5710: loss=0.7982 (running=0.9306) lr=2.89e-04
iter 5720: loss=0.8975 (running=0.9263) lr=2.89e-04
iter 5730: loss=0.8855 (running=0.9240) lr=2.88e-04
iter 5740: loss=0.9221 (running=0.9175) lr=2.88e-04
iter 5750: loss=1.1314 (running=0.9276) lr=2.88e-04
iter 5760: loss=1.0044 (running=0.9355) lr=2.88e-04
iter 5770: loss=0.9108 (running=0.9346) lr=2.88e-04
iter 5780: loss=0.8499 (running=0.9325) lr=2.88e-04
iter 5790: loss=1.0582 (running=0.9244) lr=2.88e-04
iter 5800: loss=0.8812 (running=0.9281) lr=2.88e-04
iter 5810: loss=0.9762 (running=0.9324) lr=2.88e-04
iter 5820: loss=0.9624 (running=0.9331) lr=2.88e-04
iter 5830: loss=0.9253 (running=0.9323) lr=2.88e-04
iter 5840: loss=1.0741 (running=0.9343) lr=2.88e-04
iter 5850: loss=0.9135 (running=0.9299) lr=2.88e-04
iter 5860: loss=0.7983 (running=0.9255) lr=2.88e-04
iter 5870: loss=0.9792 (running=0.9261) lr=2.88e-04
iter 5880: loss=0.8597 (running=0.9267) lr=2.88e-04
iter 5890: loss=0.8846 (running=0.9303) lr=2.88e-04
iter 5900: loss=0.9712 (running=0.9272) lr=2.88e-04
iter 5910: loss=0.8840 (running=0.9242) lr=2.88e-04
iter 5920: loss=0.8924 (running=0.9165) lr=2.88e-04
iter 5930: loss=0.9072 (running=0.9158) lr=2.88e-04
iter 5940: loss=0.9086 (running=0.9110) lr=2.88e-04
iter 5950: loss=1.0905 (running=0.9156) lr=2.88e-04
iter 5960: loss=0.8567 (running=0.9220) lr=2.87e-04
iter 5970: loss=1.0465 (running=0.9163) lr=2.87e-04
iter 5980: loss=0.9949 (running=0.9254) lr=2.87e-04
iter 5990: loss=0.8807 (running=0.9244) lr=2.87e-04
[eval] iter 6000: train_loss=0.8630 val_loss=0.9092 lr=2.87e-04 elapsed=6472s
  saved checkpoint -> checkpoints/ckpt.pt (val_loss=0.9092)
[sample] iter 6000:
------------------------------------------------------------
public class SimpleTest {
        public void test() {
            // when
            {
                String s = SimpleTest.class.getSimpleName();
                assertTrue(s.startsWith("Foo"), s + " should start with 'foo'");
                assertTrue(s.endsWith(
------------------------------------------------------------
iter 6000: loss=0.9988 (running=0.9214) lr=2.87e-04
iter 6010: loss=0.7443 (running=0.9110) lr=2.87e-04
iter 6020: loss=1.0337 (running=0.9104) lr=2.87e-04
iter 6030: loss=0.8753 (running=0.9123) lr=2.87e-04
iter 6040: loss=0.8770 (running=0.9169) lr=2.87e-04
iter 6050: loss=0.8218 (running=0.9170) lr=2.87e-04
iter 6060: loss=1.0001 (running=0.9222) lr=2.87e-04
iter 6070: loss=1.1707 (running=0.9261) lr=2.87e-04
iter 6080: loss=0.9554 (running=0.9314) lr=2.87e-04
iter 6090: loss=0.9485 (running=0.9325) lr=2.87e-04
iter 6100: loss=0.9773 (running=0.9282) lr=2.87e-04
iter 6110: loss=0.9809 (running=0.9264) lr=2.87e-04
iter 6120: loss=0.9597 (running=0.9287) lr=2.87e-04
iter 6130: loss=1.0223 (running=0.9267) lr=2.87e-04
iter 6140: loss=0.9110 (running=0.9191) lr=2.87e-04
iter 6150: loss=1.0020 (running=0.9235) lr=2.87e-04
iter 6160: loss=1.0034 (running=0.9178) lr=2.87e-04
iter 6170: loss=0.8634 (running=0.9124) lr=2.87e-04
iter 6180: loss=0.9683 (running=0.9144) lr=2.86e-04
iter 6190: loss=0.8935 (running=0.9094) lr=2.86e-04
iter 6200: loss=0.7447 (running=0.9188) lr=2.86e-04
iter 6210: loss=0.9150 (running=0.9206) lr=2.86e-04
iter 6220: loss=0.9279 (running=0.9285) lr=2.86e-04
iter 6230: loss=1.0940 (running=0.9257) lr=2.86e-04
iter 6240: loss=0.9767 (running=0.9323) lr=2.86e-04
iter 6250: loss=0.8490 (running=0.9202) lr=2.86e-04
iter 6260: loss=0.9128 (running=0.9314) lr=2.86e-04
iter 6270: loss=0.8534 (running=0.9264) lr=2.86e-04
iter 6280: loss=0.9336 (running=0.9181) lr=2.86e-04
iter 6290: loss=0.9050 (running=0.9142) lr=2.86e-04
iter 6300: loss=0.7535 (running=0.9084) lr=2.86e-04
iter 6310: loss=0.8636 (running=0.9126) lr=2.86e-04
iter 6320: loss=0.8433 (running=0.9099) lr=2.86e-04
iter 6330: loss=1.0528 (running=0.9173) lr=2.86e-04
iter 6340: loss=0.7824 (running=0.9140) lr=2.86e-04
iter 6350: loss=1.0117 (running=0.9174) lr=2.86e-04
iter 6360: loss=0.8425 (running=0.9090) lr=2.86e-04
iter 6370: loss=1.0118 (running=0.9079) lr=2.86e-04
iter 6380: loss=0.8160 (running=0.9046) lr=2.86e-04
iter 6390: loss=0.8354 (running=0.9032) lr=2.85e-04
iter 6400: loss=0.9789 (running=0.9029) lr=2.85e-04
iter 6410: loss=0.9042 (running=0.8989) lr=2.85e-04
iter 6420: loss=0.9181 (running=0.8964) lr=2.85e-04
iter 6430: loss=0.9087 (running=0.9000) lr=2.85e-04
iter 6440: loss=0.9069 (running=0.9021) lr=2.85e-04
iter 6450: loss=0.8732 (running=0.9049) lr=2.85e-04
iter 6460: loss=0.7681 (running=0.9076) lr=2.85e-04
iter 6470: loss=0.9495 (running=0.9103) lr=2.85e-04
iter 6480: loss=0.9893 (running=0.9084) lr=2.85e-04
iter 6490: loss=0.8186 (running=0.9071) lr=2.85e-04
[eval] iter 6500: train_loss=0.8617 val_loss=0.8956 lr=2.85e-04 elapsed=7006s
  saved checkpoint -> checkpoints/ckpt.pt (val_loss=0.8956)
iter 6500: loss=0.8845 (running=0.8993) lr=2.85e-04
iter 6510: loss=0.9202 (running=0.8999) lr=2.85e-04
iter 6520: loss=0.8394 (running=0.8968) lr=2.85e-04
iter 6530: loss=0.8412 (running=0.9000) lr=2.85e-04
iter 6540: loss=0.9022 (running=0.9014) lr=2.85e-04
iter 6550: loss=0.9972 (running=0.9033) lr=2.85e-04
iter 6560: loss=0.8202 (running=0.9053) lr=2.85e-04
iter 6570: loss=0.8873 (running=0.8983) lr=2.85e-04
iter 6580: loss=0.9315 (running=0.8979) lr=2.85e-04
iter 6590: loss=0.9092 (running=0.8933) lr=2.84e-04
iter 6600: loss=0.9542 (running=0.8881) lr=2.84e-04
iter 6610: loss=1.0095 (running=0.8848) lr=2.84e-04
iter 6620: loss=0.9295 (running=0.8800) lr=2.84e-04
iter 6630: loss=0.8209 (running=0.8866) lr=2.84e-04
iter 6640: loss=0.9310 (running=0.8858) lr=2.84e-04
iter 6650: loss=0.7934 (running=0.8825) lr=2.84e-04
iter 6660: loss=0.8533 (running=0.8840) lr=2.84e-04
iter 6670: loss=0.9848 (running=0.8923) lr=2.84e-04
iter 6680: loss=0.9101 (running=0.8921) lr=2.84e-04
iter 6690: loss=0.8449 (running=0.8839) lr=2.84e-04
iter 6700: loss=1.1160 (running=0.8865) lr=2.84e-04
iter 6710: loss=0.8429 (running=0.8827) lr=2.84e-04
iter 6720: loss=0.9421 (running=0.8867) lr=2.84e-04
iter 6730: loss=1.0031 (running=0.8906) lr=2.84e-04
iter 6740: loss=0.9218 (running=0.8943) lr=2.84e-04
iter 6750: loss=0.8989 (running=0.8930) lr=2.84e-04
iter 6760: loss=0.6633 (running=0.8923) lr=2.84e-04
iter 6770: loss=1.0349 (running=0.8946) lr=2.84e-04
iter 6780: loss=0.9586 (running=0.8912) lr=2.84e-04
iter 6790: loss=0.8726 (running=0.8960) lr=2.83e-04
iter 6800: loss=0.8653 (running=0.8946) lr=2.83e-04
iter 6810: loss=0.9240 (running=0.8963) lr=2.83e-04
iter 6820: loss=0.7906 (running=0.8965) lr=2.83e-04
iter 6830: loss=0.9208 (running=0.8944) lr=2.83e-04
iter 6840: loss=0.9464 (running=0.8942) lr=2.83e-04
iter 6850: loss=0.9089 (running=0.8912) lr=2.83e-04
iter 6860: loss=0.9639 (running=0.9005) lr=2.83e-04
iter 6870: loss=0.8693 (running=0.9018) lr=2.83e-04
iter 6880: loss=0.9643 (running=0.8997) lr=2.83e-04
iter 6890: loss=0.7692 (running=0.8982) lr=2.83e-04
iter 6900: loss=0.9626 (running=0.8976) lr=2.83e-04
iter 6910: loss=0.9467 (running=0.9019) lr=2.83e-04
iter 6920: loss=0.7481 (running=0.8970) lr=2.83e-04
iter 6930: loss=0.8687 (running=0.8932) lr=2.83e-04
iter 6940: loss=0.8026 (running=0.8847) lr=2.83e-04
iter 6950: loss=0.8380 (running=0.8838) lr=2.83e-04
iter 6960: loss=0.7931 (running=0.8788) lr=2.83e-04
iter 6970: loss=0.9413 (running=0.8796) lr=2.83e-04
iter 6980: loss=0.9512 (running=0.8792) lr=2.82e-04
iter 6990: loss=0.8581 (running=0.8737) lr=2.82e-04
[eval] iter 7000: train_loss=0.8405 val_loss=0.8717 lr=2.82e-04 elapsed=7534s
  saved checkpoint -> checkpoints/ckpt.pt (val_loss=0.8717)
[sample] iter 7000:
------------------------------------------------------------
public class C3 {
    public static void foo() {
        f();
    }

    public static void main(String[] args) {
        test1();
        f1();
        f2();
        f();
        try {
            test1();

------------------------------------------------------------
iter 7000: loss=0.7538 (running=0.8761) lr=2.82e-04
iter 7010: loss=1.1004 (running=0.8809) lr=2.82e-04
iter 7020: loss=0.8542 (running=0.8833) lr=2.82e-04
iter 7030: loss=0.9257 (running=0.8837) lr=2.82e-04
iter 7040: loss=0.7507 (running=0.8870) lr=2.82e-04
iter 7050: loss=1.0277 (running=0.8912) lr=2.82e-04
iter 7060: loss=0.9681 (running=0.8873) lr=2.82e-04
iter 7070: loss=0.8711 (running=0.8803) lr=2.82e-04
iter 7080: loss=0.7903 (running=0.8844) lr=2.82e-04
iter 7090: loss=0.7591 (running=0.8805) lr=2.82e-04
iter 7100: loss=0.7362 (running=0.8849) lr=2.82e-04
iter 7110: loss=0.8734 (running=0.8838) lr=2.82e-04
iter 7120: loss=0.8651 (running=0.8847) lr=2.82e-04
iter 7130: loss=0.8725 (running=0.8817) lr=2.82e-04
iter 7140: loss=0.7876 (running=0.8797) lr=2.82e-04
iter 7150: loss=0.7753 (running=0.8868) lr=2.82e-04
iter 7160: loss=0.8985 (running=0.8825) lr=2.81e-04
iter 7170: loss=0.9318 (running=0.8844) lr=2.81e-04
iter 7180: loss=0.8572 (running=0.8793) lr=2.81e-04
iter 7190: loss=0.9995 (running=0.8805) lr=2.81e-04
iter 7200: loss=1.0092 (running=0.8827) lr=2.81e-04
iter 7210: loss=0.8621 (running=0.8897) lr=2.81e-04
iter 7220: loss=0.8325 (running=0.8860) lr=2.81e-04
iter 7230: loss=0.8960 (running=0.8816) lr=2.81e-04
iter 7240: loss=0.9276 (running=0.8772) lr=2.81e-04
iter 7250: loss=1.0859 (running=0.8904) lr=2.81e-04
iter 7260: loss=0.8832 (running=0.8850) lr=2.81e-04
iter 7270: loss=0.8521 (running=0.8918) lr=2.81e-04
iter 7280: loss=0.7696 (running=0.8901) lr=2.81e-04
iter 7290: loss=0.9061 (running=0.8938) lr=2.81e-04
iter 7300: loss=0.8662 (running=0.8976) lr=2.81e-04
iter 7310: loss=0.8291 (running=0.8943) lr=2.81e-04
iter 7320: loss=0.9397 (running=0.8977) lr=2.81e-04
iter 7330: loss=0.9846 (running=0.8953) lr=2.81e-04
iter 7340: loss=0.9328 (running=0.8949) lr=2.81e-04
iter 7350: loss=0.9053 (running=0.8997) lr=2.80e-04
iter 7360: loss=0.7643 (running=0.8965) lr=2.80e-04
iter 7370: loss=0.8973 (running=0.8934) lr=2.80e-04
iter 7380: loss=0.9475 (running=0.8918) lr=2.80e-04
iter 7390: loss=0.9879 (running=0.8848) lr=2.80e-04
iter 7400: loss=0.9663 (running=0.8869) lr=2.80e-04
iter 7410: loss=0.8997 (running=0.8786) lr=2.80e-04
iter 7420: loss=0.7658 (running=0.8784) lr=2.80e-04
iter 7430: loss=0.8884 (running=0.8822) lr=2.80e-04
iter 7440: loss=0.8743 (running=0.8789) lr=2.80e-04
iter 7450: loss=0.8617 (running=0.8863) lr=2.80e-04
iter 7460: loss=0.9918 (running=0.8895) lr=2.80e-04
iter 7470: loss=0.8920 (running=0.8811) lr=2.80e-04
iter 7480: loss=0.9697 (running=0.8795) lr=2.80e-04
iter 7490: loss=0.8348 (running=0.8770) lr=2.80e-04
[eval] iter 7500: train_loss=0.8248 val_loss=0.8846 lr=2.80e-04 elapsed=8073s
iter 7500: loss=1.1094 (running=0.8666) lr=2.80e-04
iter 7510: loss=0.9823 (running=0.8720) lr=2.80e-04
iter 7520: loss=0.8567 (running=0.8710) lr=2.79e-04
iter 7530: loss=0.9366 (running=0.8687) lr=2.79e-04
iter 7540: loss=0.9030 (running=0.8692) lr=2.79e-04
iter 7550: loss=0.9255 (running=0.8680) lr=2.79e-04
iter 7560: loss=0.8347 (running=0.8634) lr=2.79e-04
iter 7570: loss=0.9332 (running=0.8637) lr=2.79e-04
iter 7580: loss=0.8872 (running=0.8629) lr=2.79e-04
iter 7590: loss=0.8736 (running=0.8672) lr=2.79e-04
iter 7600: loss=0.9723 (running=0.8644) lr=2.79e-04
iter 7610: loss=0.9978 (running=0.8711) lr=2.79e-04
iter 7620: loss=0.8947 (running=0.8731) lr=2.79e-04
iter 7630: loss=0.8863 (running=0.8666) lr=2.79e-04
iter 7640: loss=0.8505 (running=0.8676) lr=2.79e-04
iter 7650: loss=0.8718 (running=0.8618) lr=2.79e-04
iter 7660: loss=0.8179 (running=0.8621) lr=2.79e-04
iter 7670: loss=0.9059 (running=0.8726) lr=2.79e-04
iter 7680: loss=0.9643 (running=0.8786) lr=2.79e-04
iter 7690: loss=0.9257 (running=0.8708) lr=2.79e-04
iter 7700: loss=0.8149 (running=0.8656) lr=2.78e-04
iter 7710: loss=0.8337 (running=0.8654) lr=2.78e-04
iter 7720: loss=0.8365 (running=0.8630) lr=2.78e-04
iter 7730: loss=0.7968 (running=0.8640) lr=2.78e-04
iter 7740: loss=0.7026 (running=0.8693) lr=2.78e-04
iter 7750: loss=0.9496 (running=0.8714) lr=2.78e-04
iter 7760: loss=0.8590 (running=0.8732) lr=2.78e-04
iter 7770: loss=0.7972 (running=0.8664) lr=2.78e-04
iter 7780: loss=0.7589 (running=0.8706) lr=2.78e-04
iter 7790: loss=0.9081 (running=0.8719) lr=2.78e-04
iter 7800: loss=0.9474 (running=0.8800) lr=2.78e-04
iter 7810: loss=0.9002 (running=0.8793) lr=2.78e-04
iter 7820: loss=1.0520 (running=0.8763) lr=2.78e-04
iter 7830: loss=0.8469 (running=0.8796) lr=2.78e-04
iter 7840: loss=1.0883 (running=0.8819) lr=2.78e-04
iter 7850: loss=0.7888 (running=0.8747) lr=2.78e-04
iter 7860: loss=0.8710 (running=0.8744) lr=2.78e-04
iter 7870: loss=0.9273 (running=0.8661) lr=2.77e-04
iter 7880: loss=0.7629 (running=0.8598) lr=2.77e-04
iter 7890: loss=0.9161 (running=0.8700) lr=2.77e-04
iter 7900: loss=0.9376 (running=0.8686) lr=2.77e-04
iter 7910: loss=0.8344 (running=0.8695) lr=2.77e-04
iter 7920: loss=0.8371 (running=0.8673) lr=2.77e-04
iter 7930: loss=0.8171 (running=0.8604) lr=2.77e-04
iter 7940: loss=0.7887 (running=0.8580) lr=2.77e-04
iter 7950: loss=0.7653 (running=0.8585) lr=2.77e-04
iter 7960: loss=0.8281 (running=0.8607) lr=2.77e-04
iter 7970: loss=0.8571 (running=0.8642) lr=2.77e-04
iter 7980: loss=0.9496 (running=0.8680) lr=2.77e-04
iter 7990: loss=0.9156 (running=0.8743) lr=2.77e-04
[eval] iter 8000: train_loss=0.8265 val_loss=0.8541 lr=2.77e-04 elapsed=8609s
  saved checkpoint -> checkpoints/ckpt.pt (val_loss=0.8541)
[sample] iter 8000:
------------------------------------------------------------
public class UserFactory {

    private static final String USERNAME = "username";
    private static final String USERNAME_2 = "username";
    private static final String USERNAME_DASHED = "username";
    private static final String USERNAME_D
------------------------------------------------------------
iter 8000: loss=0.8002 (running=0.8778) lr=2.77e-04
iter 8010: loss=0.8161 (running=0.8682) lr=2.77e-04
iter 8020: loss=0.8758 (running=0.8699) lr=2.77e-04
iter 8030: loss=0.7318 (running=0.8617) lr=2.77e-04
iter 8040: loss=0.8124 (running=0.8602) lr=2.76e-04
iter 8050: loss=0.9411 (running=0.8667) lr=2.76e-04
iter 8060: loss=0.8690 (running=0.8646) lr=2.76e-04
iter 8070: loss=0.8917 (running=0.8617) lr=2.76e-04
iter 8080: loss=0.8745 (running=0.8546) lr=2.76e-04
iter 8090: loss=0.8677 (running=0.8540) lr=2.76e-04
iter 8100: loss=1.0827 (running=0.8609) lr=2.76e-04
iter 8110: loss=0.8900 (running=0.8603) lr=2.76e-04
iter 8120: loss=0.9009 (running=0.8631) lr=2.76e-04
iter 8130: loss=0.8352 (running=0.8626) lr=2.76e-04
iter 8140: loss=0.7032 (running=0.8634) lr=2.76e-04
iter 8150: loss=0.9207 (running=0.8681) lr=2.76e-04
iter 8160: loss=0.8251 (running=0.8703) lr=2.76e-04
iter 8170: loss=0.9430 (running=0.8682) lr=2.76e-04
iter 8180: loss=0.9028 (running=0.8705) lr=2.76e-04
iter 8190: loss=0.7629 (running=0.8646) lr=2.76e-04
iter 8200: loss=0.8577 (running=0.8657) lr=2.75e-04
iter 8210: loss=0.8451 (running=0.8650) lr=2.75e-04
iter 8220: loss=0.7746 (running=0.8620) lr=2.75e-04
iter 8230: loss=0.7919 (running=0.8605) lr=2.75e-04
iter 8240: loss=0.8216 (running=0.8617) lr=2.75e-04
iter 8250: loss=0.7780 (running=0.8573) lr=2.75e-04
iter 8260: loss=0.9814 (running=0.8599) lr=2.75e-04
iter 8270: loss=0.8949 (running=0.8598) lr=2.75e-04
iter 8280: loss=0.7839 (running=0.8561) lr=2.75e-04
iter 8290: loss=0.9007 (running=0.8505) lr=2.75e-04
iter 8300: loss=0.7853 (running=0.8552) lr=2.75e-04
iter 8310: loss=0.9576 (running=0.8531) lr=2.75e-04
iter 8320: loss=0.8637 (running=0.8570) lr=2.75e-04
iter 8330: loss=0.7616 (running=0.8566) lr=2.75e-04
iter 8340: loss=0.8904 (running=0.8556) lr=2.75e-04
iter 8350: loss=0.8236 (running=0.8584) lr=2.75e-04
iter 8360: loss=0.7430 (running=0.8587) lr=2.74e-04
iter 8370: loss=0.8061 (running=0.8528) lr=2.74e-04
iter 8380: loss=0.8401 (running=0.8592) lr=2.74e-04
iter 8390: loss=0.9524 (running=0.8547) lr=2.74e-04
iter 8400: loss=1.0037 (running=0.8631) lr=2.74e-04
iter 8410: loss=0.8593 (running=0.8578) lr=2.74e-04
iter 8420: loss=0.7519 (running=0.8491) lr=2.74e-04
iter 8430: loss=0.8030 (running=0.8480) lr=2.74e-04
iter 8440: loss=0.7610 (running=0.8496) lr=2.74e-04
iter 8450: loss=0.7961 (running=0.8515) lr=2.74e-04
iter 8460: loss=0.7974 (running=0.8432) lr=2.74e-04
iter 8470: loss=0.8545 (running=0.8412) lr=2.74e-04
iter 8480: loss=0.8636 (running=0.8397) lr=2.74e-04
iter 8490: loss=0.8204 (running=0.8430) lr=2.74e-04
[eval] iter 8500: train_loss=0.8075 val_loss=0.8403 lr=2.74e-04 elapsed=9147s
  saved checkpoint -> checkpoints/ckpt.pt (val_loss=0.8403)
iter 8500: loss=0.7434 (running=0.8447) lr=2.74e-04
iter 8510: loss=0.8470 (running=0.8449) lr=2.74e-04
iter 8520: loss=0.9039 (running=0.8426) lr=2.73e-04
iter 8530: loss=0.8705 (running=0.8425) lr=2.73e-04
iter 8540: loss=1.0118 (running=0.8501) lr=2.73e-04
iter 8550: loss=0.9576 (running=0.8490) lr=2.73e-04
iter 8560: loss=1.1131 (running=0.8513) lr=2.73e-04
iter 8570: loss=0.7383 (running=0.8515) lr=2.73e-04
iter 8580: loss=0.7642 (running=0.8438) lr=2.73e-04
iter 8590: loss=0.9560 (running=0.8444) lr=2.73e-04
iter 8600: loss=0.9673 (running=0.8426) lr=2.73e-04
iter 8610: loss=0.9655 (running=0.8460) lr=2.73e-04
iter 8620: loss=0.9481 (running=0.8495) lr=2.73e-04
iter 8630: loss=1.0624 (running=0.8583) lr=2.73e-04
iter 8640: loss=0.8975 (running=0.8619) lr=2.73e-04
iter 8650: loss=0.8785 (running=0.8598) lr=2.73e-04
iter 8660: loss=0.8004 (running=0.8604) lr=2.73e-04
iter 8670: loss=0.7608 (running=0.8555) lr=2.72e-04
iter 8680: loss=0.9786 (running=0.8555) lr=2.72e-04
iter 8690: loss=0.8373 (running=0.8475) lr=2.72e-04
iter 8700: loss=0.9345 (running=0.8421) lr=2.72e-04
iter 8710: loss=0.7654 (running=0.8408) lr=2.72e-04
iter 8720: loss=0.8973 (running=0.8449) lr=2.72e-04
iter 8730: loss=0.8722 (running=0.8460) lr=2.72e-04
iter 8740: loss=0.9147 (running=0.8445) lr=2.72e-04
iter 8750: loss=0.8771 (running=0.8468) lr=2.72e-04
iter 8760: loss=0.8855 (running=0.8499) lr=2.72e-04
iter 8770: loss=0.7961 (running=0.8496) lr=2.72e-04
iter 8780: loss=0.9496 (running=0.8497) lr=2.72e-04
iter 8790: loss=0.8537 (running=0.8490) lr=2.72e-04
iter 8800: loss=0.9516 (running=0.8460) lr=2.72e-04
iter 8810: loss=0.8621 (running=0.8425) lr=2.72e-04
iter 8820: loss=0.8055 (running=0.8400) lr=2.72e-04
iter 8830: loss=0.7852 (running=0.8345) lr=2.71e-04
iter 8840: loss=0.7906 (running=0.8298) lr=2.71e-04
iter 8850: loss=0.9918 (running=0.8331) lr=2.71e-04
iter 8860: loss=0.8724 (running=0.8301) lr=2.71e-04
iter 8870: loss=0.9238 (running=0.8416) lr=2.71e-04
iter 8880: loss=0.7609 (running=0.8354) lr=2.71e-04
iter 8890: loss=0.8170 (running=0.8364) lr=2.71e-04
iter 8900: loss=0.8115 (running=0.8338) lr=2.71e-04
iter 8910: loss=0.8589 (running=0.8376) lr=2.71e-04
iter 8920: loss=0.8976 (running=0.8355) lr=2.71e-04
iter 8930: loss=0.8418 (running=0.8378) lr=2.71e-04
iter 8940: loss=0.9233 (running=0.8381) lr=2.71e-04
iter 8950: loss=0.8686 (running=0.8320) lr=2.71e-04
iter 8960: loss=0.9183 (running=0.8372) lr=2.71e-04
iter 8970: loss=0.9074 (running=0.8325) lr=2.71e-04
iter 8980: loss=0.8713 (running=0.8418) lr=2.70e-04
iter 8990: loss=0.9534 (running=0.8435) lr=2.70e-04
[eval] iter 9000: train_loss=0.7785 val_loss=0.8443 lr=2.70e-04 elapsed=9689s
[sample] iter 9000:
------------------------------------------------------------
public class TestBean implements BeanNameAware {

	private String beanName;

	private ClassLoader classLoader;

	private String beanName;

	private String className;

	private String fieldName;

	private String arrayType;

	private String fieldName;

	private String 
------------------------------------------------------------
iter 9000: loss=0.8863 (running=0.8446) lr=2.70e-04
iter 9010: loss=0.9535 (running=0.8490) lr=2.70e-04
iter 9020: loss=0.9067 (running=0.8504) lr=2.70e-04
iter 9030: loss=0.7846 (running=0.8455) lr=2.70e-04
iter 9040: loss=0.8245 (running=0.8407) lr=2.70e-04
iter 9050: loss=0.8967 (running=0.8391) lr=2.70e-04
iter 9060: loss=0.8926 (running=0.8446) lr=2.70e-04
iter 9070: loss=0.9828 (running=0.8503) lr=2.70e-04
iter 9080: loss=0.8790 (running=0.8487) lr=2.70e-04
iter 9090: loss=0.9164 (running=0.8467) lr=2.70e-04
iter 9100: loss=0.8990 (running=0.8499) lr=2.70e-04
iter 9110: loss=0.8894 (running=0.8491) lr=2.70e-04
iter 9120: loss=0.9982 (running=0.8524) lr=2.69e-04
iter 9130: loss=0.9395 (running=0.8525) lr=2.69e-04
iter 9140: loss=0.7876 (running=0.8487) lr=2.69e-04
iter 9150: loss=0.7987 (running=0.8487) lr=2.69e-04
iter 9160: loss=0.8309 (running=0.8451) lr=2.69e-04
iter 9170: loss=0.7611 (running=0.8410) lr=2.69e-04
iter 9180: loss=0.8512 (running=0.8463) lr=2.69e-04
iter 9190: loss=0.8497 (running=0.8452) lr=2.69e-04
iter 9200: loss=0.8360 (running=0.8417) lr=2.69e-04
iter 9210: loss=0.7342 (running=0.8397) lr=2.69e-04
iter 9220: loss=0.8250 (running=0.8334) lr=2.69e-04
iter 9230: loss=0.9098 (running=0.8353) lr=2.69e-04
iter 9240: loss=0.9976 (running=0.8412) lr=2.69e-04
iter 9250: loss=0.8329 (running=0.8512) lr=2.69e-04
iter 9260: loss=0.9135 (running=0.8494) lr=2.69e-04
iter 9270: loss=0.8169 (running=0.8480) lr=2.68e-04
iter 9280: loss=0.8658 (running=0.8458) lr=2.68e-04
iter 9290: loss=0.7719 (running=0.8415) lr=2.68e-04
iter 9300: loss=0.8141 (running=0.8401) lr=2.68e-04
iter 9310: loss=0.9373 (running=0.8483) lr=2.68e-04
iter 9320: loss=0.7990 (running=0.8436) lr=2.68e-04
iter 9330: loss=0.7297 (running=0.8325) lr=2.68e-04
iter 9340: loss=0.8704 (running=0.8322) lr=2.68e-04
iter 9350: loss=0.8965 (running=0.8288) lr=2.68e-04
iter 9360: loss=0.8810 (running=0.8297) lr=2.68e-04
iter 9370: loss=0.7208 (running=0.8290) lr=2.68e-04
iter 9380: loss=0.8018 (running=0.8309) lr=2.68e-04
iter 9390: loss=0.9033 (running=0.8299) lr=2.68e-04
iter 9400: loss=0.8475 (running=0.8285) lr=2.68e-04
iter 9410: loss=0.8936 (running=0.8260) lr=2.67e-04
iter 9420: loss=0.8069 (running=0.8317) lr=2.67e-04
iter 9430: loss=0.7941 (running=0.8329) lr=2.67e-04
iter 9440: loss=0.7837 (running=0.8317) lr=2.67e-04
iter 9450: loss=0.8467 (running=0.8297) lr=2.67e-04
iter 9460: loss=0.8579 (running=0.8322) lr=2.67e-04
iter 9470: loss=0.8408 (running=0.8370) lr=2.67e-04
iter 9480: loss=0.8592 (running=0.8352) lr=2.67e-04
iter 9490: loss=0.8588 (running=0.8284) lr=2.67e-04
[eval] iter 9500: train_loss=0.7851 val_loss=0.8320 lr=2.67e-04 elapsed=10227s
  saved checkpoint -> checkpoints/ckpt.pt (val_loss=0.8320)
iter 9500: loss=0.8843 (running=0.8307) lr=2.67e-04
iter 9510: loss=0.9373 (running=0.8324) lr=2.67e-04
iter 9520: loss=0.9477 (running=0.8356) lr=2.67e-04
iter 9530: loss=0.7826 (running=0.8326) lr=2.67e-04
iter 9540: loss=0.8763 (running=0.8269) lr=2.67e-04
iter 9550: loss=0.8330 (running=0.8259) lr=2.67e-04
iter 9560: loss=0.7450 (running=0.8207) lr=2.66e-04
iter 9570: loss=0.9558 (running=0.8180) lr=2.66e-04
iter 9580: loss=0.8146 (running=0.8204) lr=2.66e-04
iter 9590: loss=0.7864 (running=0.8182) lr=2.66e-04
iter 9600: loss=0.8462 (running=0.8193) lr=2.66e-04
iter 9610: loss=0.9580 (running=0.8268) lr=2.66e-04
iter 9620: loss=0.8839 (running=0.8310) lr=2.66e-04
iter 9630: loss=0.8500 (running=0.8306) lr=2.66e-04
iter 9640: loss=0.7799 (running=0.8367) lr=2.66e-04
iter 9650: loss=0.9724 (running=0.8361) lr=2.66e-04
iter 9660: loss=0.9035 (running=0.8407) lr=2.66e-04
iter 9670: loss=1.0187 (running=0.8410) lr=2.66e-04
iter 9680: loss=0.8566 (running=0.8393) lr=2.66e-04
iter 9690: loss=0.8832 (running=0.8386) lr=2.66e-04
iter 9700: loss=0.8344 (running=0.8356) lr=2.65e-04
iter 9710: loss=0.8850 (running=0.8306) lr=2.65e-04
iter 9720: loss=0.7608 (running=0.8289) lr=2.65e-04
iter 9730: loss=0.7781 (running=0.8244) lr=2.65e-04
iter 9740: loss=0.7688 (running=0.8269) lr=2.65e-04
iter 9750: loss=0.7594 (running=0.8283) lr=2.65e-04
iter 9760: loss=0.8308 (running=0.8345) lr=2.65e-04
iter 9770: loss=0.7905 (running=0.8236) lr=2.65e-04
iter 9780: loss=0.8355 (running=0.8304) lr=2.65e-04
iter 9790: loss=0.9334 (running=0.8227) lr=2.65e-04
iter 9800: loss=0.6891 (running=0.8251) lr=2.65e-04
iter 9810: loss=0.7406 (running=0.8251) lr=2.65e-04
iter 9820: loss=0.7743 (running=0.8312) lr=2.65e-04
iter 9830: loss=0.7452 (running=0.8318) lr=2.65e-04
iter 9840: loss=0.8250 (running=0.8345) lr=2.64e-04
iter 9850: loss=0.9224 (running=0.8406) lr=2.64e-04
iter 9860: loss=0.7995 (running=0.8428) lr=2.64e-04
iter 9870: loss=0.8484 (running=0.8369) lr=2.64e-04
iter 9880: loss=0.7333 (running=0.8317) lr=2.64e-04
iter 9890: loss=0.9306 (running=0.8283) lr=2.64e-04
iter 9900: loss=0.8679 (running=0.8301) lr=2.64e-04
iter 9910: loss=0.7940 (running=0.8310) lr=2.64e-04
iter 9920: loss=0.7882 (running=0.8242) lr=2.64e-04
iter 9930: loss=0.8240 (running=0.8229) lr=2.64e-04
iter 9940: loss=0.7277 (running=0.8211) lr=2.64e-04
iter 9950: loss=0.8684 (running=0.8232) lr=2.64e-04
iter 9960: loss=0.7736 (running=0.8208) lr=2.64e-04
iter 9970: loss=0.7470 (running=0.8134) lr=2.63e-04
iter 9980: loss=0.7676 (running=0.8157) lr=2.63e-04
iter 9990: loss=0.8915 (running=0.8155) lr=2.63e-04
[eval] iter 10000: train_loss=0.7672 val_loss=0.8149 lr=2.63e-04 elapsed=10767s
  saved checkpoint -> checkpoints/ckpt.pt (val_loss=0.8149)
[sample] iter 10000:
------------------------------------------------------------
public class User {
        private long id;
        private String name;
        private String email;
        private String email2;
        private String email3;
        private String email4;
        private String email5;
        private String email6;
        
------------------------------------------------------------
iter 10000: loss=0.8420 (running=0.8138) lr=2.63e-04
iter 10010: loss=0.9023 (running=0.8116) lr=2.63e-04
iter 10020: loss=0.7881 (running=0.8094) lr=2.63e-04
iter 10030: loss=0.7349 (running=0.8156) lr=2.63e-04
iter 10040: loss=0.9241 (running=0.8202) lr=2.63e-04
iter 10050: loss=0.8300 (running=0.8218) lr=2.63e-04
iter 10060: loss=0.8137 (running=0.8220) lr=2.63e-04
iter 10070: loss=0.7102 (running=0.8166) lr=2.63e-04
iter 10080: loss=0.8081 (running=0.8116) lr=2.63e-04
iter 10090: loss=0.8198 (running=0.8195) lr=2.63e-04
iter 10100: loss=0.8202 (running=0.8175) lr=2.63e-04
iter 10110: loss=0.8089 (running=0.8170) lr=2.62e-04
iter 10120: loss=0.7851 (running=0.8090) lr=2.62e-04
iter 10130: loss=0.8674 (running=0.8096) lr=2.62e-04
iter 10140: loss=0.8241 (running=0.8062) lr=2.62e-04
iter 10150: loss=0.9028 (running=0.8112) lr=2.62e-04
iter 10160: loss=0.6696 (running=0.8116) lr=2.62e-04
iter 10170: loss=0.7876 (running=0.8105) lr=2.62e-04
iter 10180: loss=0.6771 (running=0.8018) lr=2.62e-04
iter 10190: loss=0.9333 (running=0.8127) lr=2.62e-04
iter 10200: loss=0.8492 (running=0.8169) lr=2.62e-04
iter 10210: loss=0.9520 (running=0.8250) lr=2.62e-04
iter 10220: loss=0.8736 (running=0.8220) lr=2.62e-04
iter 10230: loss=0.6857 (running=0.8228) lr=2.62e-04
iter 10240: loss=0.8409 (running=0.8247) lr=2.61e-04
iter 10250: loss=0.8411 (running=0.8261) lr=2.61e-04
iter 10260: loss=0.8210 (running=0.8126) lr=2.61e-04
iter 10270: loss=0.9070 (running=0.8194) lr=2.61e-04
iter 10280: loss=0.7788 (running=0.8197) lr=2.61e-04
iter 10290: loss=0.7520 (running=0.8118) lr=2.61e-04
iter 10300: loss=0.9257 (running=0.8155) lr=2.61e-04
iter 10310: loss=0.8125 (running=0.8179) lr=2.61e-04
iter 10320: loss=0.7040 (running=0.8160) lr=2.61e-04
iter 10330: loss=0.8224 (running=0.8210) lr=2.61e-04
iter 10340: loss=0.9097 (running=0.8217) lr=2.61e-04
iter 10350: loss=0.8937 (running=0.8216) lr=2.61e-04
iter 10360: loss=0.8217 (running=0.8185) lr=2.61e-04
iter 10370: loss=0.7602 (running=0.8139) lr=2.60e-04
iter 10380: loss=0.7973 (running=0.8166) lr=2.60e-04
iter 10390: loss=0.7029 (running=0.8271) lr=2.60e-04
iter 10400: loss=0.6601 (running=0.8280) lr=2.60e-04
iter 10410: loss=0.6947 (running=0.8243) lr=2.60e-04
iter 10420: loss=0.7931 (running=0.8231) lr=2.60e-04
iter 10430: loss=0.9644 (running=0.8180) lr=2.60e-04
iter 10440: loss=0.7004 (running=0.8176) lr=2.60e-04
iter 10450: loss=0.8008 (running=0.8156) lr=2.60e-04
iter 10460: loss=0.6620 (running=0.8194) lr=2.60e-04
iter 10470: loss=0.9883 (running=0.8276) lr=2.60e-04
iter 10480: loss=0.8144 (running=0.8282) lr=2.60e-04
iter 10490: loss=0.8556 (running=0.8284) lr=2.60e-04
[eval] iter 10500: train_loss=0.7720 val_loss=0.8018 lr=2.60e-04 elapsed=11329s
  saved checkpoint -> checkpoints/ckpt.pt (val_loss=0.8018)
iter 10500: loss=0.7583 (running=0.8284) lr=2.60e-04
iter 10510: loss=0.8790 (running=0.8385) lr=2.59e-04
iter 10520: loss=0.7910 (running=0.8449) lr=2.59e-04
iter 10530: loss=0.8485 (running=0.8321) lr=2.59e-04
iter 10540: loss=0.8330 (running=0.8297) lr=2.59e-04
iter 10550: loss=0.8628 (running=0.8339) lr=2.59e-04
iter 10560: loss=0.9539 (running=0.8232) lr=2.59e-04
iter 10570: loss=0.7369 (running=0.8229) lr=2.59e-04
iter 10580: loss=0.7741 (running=0.8235) lr=2.59e-04
iter 10590: loss=0.7836 (running=0.8284) lr=2.59e-04
iter 10600: loss=0.8037 (running=0.8256) lr=2.59e-04
iter 10610: loss=0.7098 (running=0.8261) lr=2.59e-04
iter 10620: loss=0.7828 (running=0.8243) lr=2.59e-04
iter 10630: loss=0.8992 (running=0.8239) lr=2.59e-04
iter 10640: loss=0.8542 (running=0.8272) lr=2.58e-04
iter 10650: loss=0.8482 (running=0.8303) lr=2.58e-04
iter 10660: loss=0.7815 (running=0.8220) lr=2.58e-04
iter 10670: loss=0.8858 (running=0.8245) lr=2.58e-04
iter 10680: loss=0.8337 (running=0.8185) lr=2.58e-04
iter 10690: loss=0.7972 (running=0.8181) lr=2.58e-04
iter 10700: loss=0.8549 (running=0.8171) lr=2.58e-04
iter 10710: loss=0.8704 (running=0.8207) lr=2.58e-04
iter 10720: loss=0.8153 (running=0.8218) lr=2.58e-04
iter 10730: loss=0.8065 (running=0.8169) lr=2.58e-04
iter 10740: loss=0.7803 (running=0.8159) lr=2.58e-04
iter 10750: loss=0.9083 (running=0.8151) lr=2.58e-04
iter 10760: loss=0.8556 (running=0.8132) lr=2.57e-04
iter 10770: loss=0.8582 (running=0.8139) lr=2.57e-04
iter 10780: loss=0.8089 (running=0.8077) lr=2.57e-04
iter 10790: loss=0.9078 (running=0.8110) lr=2.57e-04
iter 10800: loss=0.7526 (running=0.8052) lr=2.57e-04
iter 10810: loss=0.8328 (running=0.8107) lr=2.57e-04
iter 10820: loss=0.7865 (running=0.8141) lr=2.57e-04
iter 10830: loss=0.8365 (running=0.8133) lr=2.57e-04
iter 10840: loss=0.9094 (running=0.8223) lr=2.57e-04
iter 10850: loss=0.8404 (running=0.8238) lr=2.57e-04
iter 10860: loss=0.8820 (running=0.8256) lr=2.57e-04
iter 10870: loss=0.8036 (running=0.8217) lr=2.57e-04
iter 10880: loss=0.8202 (running=0.8223) lr=2.57e-04
iter 10890: loss=0.8862 (running=0.8286) lr=2.56e-04
iter 10900: loss=0.7671 (running=0.8267) lr=2.56e-04
iter 10910: loss=0.7763 (running=0.8192) lr=2.56e-04
iter 10920: loss=0.8446 (running=0.8198) lr=2.56e-04
iter 10930: loss=0.7404 (running=0.8173) lr=2.56e-04
iter 10940: loss=0.8533 (running=0.8158) lr=2.56e-04
iter 10950: loss=0.9536 (running=0.8199) lr=2.56e-04
iter 10960: loss=0.7947 (running=0.8074) lr=2.56e-04
iter 10970: loss=0.7219 (running=0.8013) lr=2.56e-04
iter 10980: loss=0.8483 (running=0.8009) lr=2.56e-04
iter 10990: loss=0.7122 (running=0.7938) lr=2.56e-04
[eval] iter 11000: train_loss=0.7464 val_loss=0.8105 lr=2.56e-04 elapsed=11902s
[sample] iter 11000:
------------------------------------------------------------
public class FakeBakingService {

    private final BakingService service;

    public FakeBakingService(BakingService service) {
        this.service = service;
    }

    public void updateBaking() {
        service.saveBaking(this);
------------------------------------------------------------
iter 11000: loss=0.8260 (running=0.7947) lr=2.56e-04
iter 11010: loss=0.6994 (running=0.7905) lr=2.56e-04
iter 11020: loss=0.8336 (running=0.7899) lr=2.55e-04
iter 11030: loss=0.8844 (running=0.8031) lr=2.55e-04
iter 11040: loss=0.7064 (running=0.8043) lr=2.55e-04
iter 11050: loss=0.8586 (running=0.8058) lr=2.55e-04
iter 11060: loss=0.8295 (running=0.8018) lr=2.55e-04
iter 11070: loss=0.8181 (running=0.8045) lr=2.55e-04
iter 11080: loss=0.8165 (running=0.8069) lr=2.55e-04
iter 11090: loss=0.7562 (running=0.8052) lr=2.55e-04
iter 11100: loss=0.6438 (running=0.7979) lr=2.55e-04
iter 11110: loss=1.0026 (running=0.8017) lr=2.55e-04
iter 11120: loss=0.8452 (running=0.8006) lr=2.55e-04
iter 11130: loss=0.7843 (running=0.8019) lr=2.55e-04
iter 11140: loss=0.8320 (running=0.8023) lr=2.54e-04
iter 11150: loss=0.8579 (running=0.8017) lr=2.54e-04
iter 11160: loss=0.8322 (running=0.8050) lr=2.54e-04
iter 11170: loss=0.8951 (running=0.8111) lr=2.54e-04
iter 11180: loss=0.8279 (running=0.8048) lr=2.54e-04
iter 11190: loss=0.8339 (running=0.8139) lr=2.54e-04
iter 11200: loss=0.7790 (running=0.8137) lr=2.54e-04
iter 11210: loss=0.8225 (running=0.8089) lr=2.54e-04
iter 11220: loss=0.6797 (running=0.8063) lr=2.54e-04
iter 11230: loss=0.7540 (running=0.7978) lr=2.54e-04
iter 11240: loss=0.8594 (running=0.7980) lr=2.54e-04
iter 11250: loss=0.7954 (running=0.8044) lr=2.54e-04
iter 11260: loss=0.9295 (running=0.8072) lr=2.54e-04
iter 11270: loss=0.8756 (running=0.8061) lr=2.53e-04
iter 11280: loss=0.7816 (running=0.8050) lr=2.53e-04
iter 11290: loss=0.8283 (running=0.8026) lr=2.53e-04
iter 11300: loss=0.8398 (running=0.7992) lr=2.53e-04
iter 11310: loss=0.9832 (running=0.8016) lr=2.53e-04
iter 11320: loss=0.8695 (running=0.8040) lr=2.53e-04
iter 11330: loss=0.7213 (running=0.8016) lr=2.53e-04
iter 11340: loss=0.6200 (running=0.8024) lr=2.53e-04
iter 11350: loss=0.8502 (running=0.8032) lr=2.53e-04
iter 11360: loss=0.7097 (running=0.8033) lr=2.53e-04
iter 11370: loss=0.7318 (running=0.8000) lr=2.53e-04
iter 11380: loss=0.8132 (running=0.7975) lr=2.53e-04
iter 11390: loss=0.7687 (running=0.7990) lr=2.52e-04
iter 11400: loss=0.7090 (running=0.7954) lr=2.52e-04
iter 11410: loss=0.7103 (running=0.7965) lr=2.52e-04
iter 11420: loss=0.7595 (running=0.7925) lr=2.52e-04
iter 11430: loss=1.0199 (running=0.7995) lr=2.52e-04
iter 11440: loss=0.9248 (running=0.8074) lr=2.52e-04
iter 11450: loss=0.8453 (running=0.8050) lr=2.52e-04
iter 11460: loss=0.8056 (running=0.7993) lr=2.52e-04
iter 11470: loss=0.8189 (running=0.7973) lr=2.52e-04
iter 11480: loss=0.7307 (running=0.8003) lr=2.52e-04
iter 11490: loss=0.8505 (running=0.8021) lr=2.52e-04
[eval] iter 11500: train_loss=0.7430 val_loss=0.7934 lr=2.52e-04 elapsed=12472s
  saved checkpoint -> checkpoints/ckpt.pt (val_loss=0.7934)
iter 11500: loss=0.8472 (running=0.8038) lr=2.52e-04
iter 11510: loss=0.8945 (running=0.8017) lr=2.51e-04
iter 11520: loss=0.7603 (running=0.8035) lr=2.51e-04
iter 11530: loss=0.7895 (running=0.8038) lr=2.51e-04
iter 11540: loss=0.7165 (running=0.8003) lr=2.51e-04
iter 11550: loss=0.8685 (running=0.7984) lr=2.51e-04
iter 11560: loss=0.8480 (running=0.7985) lr=2.51e-04
iter 11570: loss=0.9917 (running=0.7952) lr=2.51e-04
iter 11580: loss=0.8516 (running=0.7941) lr=2.51e-04
iter 11590: loss=0.7843 (running=0.7939) lr=2.51e-04
iter 11600: loss=0.7114 (running=0.8051) lr=2.51e-04
iter 11610: loss=0.9971 (running=0.8099) lr=2.51e-04
iter 11620: loss=0.7576 (running=0.8130) lr=2.51e-04
iter 11630: loss=0.8284 (running=0.8069) lr=2.50e-04
iter 11640: loss=0.7337 (running=0.8087) lr=2.50e-04
iter 11650: loss=0.9618 (running=0.8067) lr=2.50e-04
iter 11660: loss=0.7813 (running=0.8106) lr=2.50e-04
iter 11670: loss=0.8969 (running=0.8102) lr=2.50e-04
iter 11680: loss=0.8663 (running=0.8051) lr=2.50e-04
iter 11690: loss=0.7822 (running=0.8051) lr=2.50e-04
iter 11700: loss=0.7188 (running=0.7938) lr=2.50e-04
iter 11710: loss=0.7320 (running=0.7922) lr=2.50e-04
iter 11720: loss=0.6578 (running=0.7930) lr=2.50e-04
iter 11730: loss=0.7160 (running=0.7915) lr=2.50e-04
iter 11740: loss=0.6687 (running=0.7946) lr=2.50e-04
iter 11750: loss=0.7176 (running=0.7882) lr=2.49e-04
iter 11760: loss=0.9109 (running=0.7923) lr=2.49e-04
iter 11770: loss=0.7444 (running=0.7891) lr=2.49e-04
iter 11780: loss=0.9927 (running=0.7950) lr=2.49e-04
iter 11790: loss=0.7791 (running=0.7950) lr=2.49e-04
iter 11800: loss=1.0047 (running=0.8040) lr=2.49e-04
iter 11810: loss=0.8007 (running=0.8010) lr=2.49e-04
iter 11820: loss=0.6624 (running=0.8024) lr=2.49e-04
iter 11830: loss=0.8884 (running=0.8022) lr=2.49e-04
iter 11840: loss=0.8294 (running=0.8039) lr=2.49e-04
iter 11850: loss=0.7241 (running=0.8037) lr=2.49e-04
iter 11860: loss=0.7858 (running=0.7971) lr=2.49e-04
iter 11870: loss=0.7832 (running=0.7974) lr=2.48e-04
iter 11880: loss=0.8109 (running=0.7905) lr=2.48e-04
iter 11890: loss=0.8294 (running=0.7917) lr=2.48e-04
iter 11900: loss=0.7488 (running=0.7937) lr=2.48e-04
iter 11910: loss=0.8450 (running=0.7922) lr=2.48e-04
iter 11920: loss=0.7386 (running=0.7920) lr=2.48e-04
iter 11930: loss=0.8356 (running=0.8019) lr=2.48e-04
iter 11940: loss=0.9102 (running=0.7990) lr=2.48e-04
iter 11950: loss=0.6890 (running=0.7938) lr=2.48e-04
iter 11960: loss=0.7541 (running=0.7836) lr=2.48e-04
iter 11970: loss=0.7154 (running=0.7814) lr=2.48e-04
iter 11980: loss=0.8341 (running=0.7841) lr=2.48e-04
iter 11990: loss=0.8913 (running=0.7834) lr=2.47e-04
[eval] iter 12000: train_loss=0.7359 val_loss=0.7877 lr=2.47e-04 elapsed=13050s
  saved checkpoint -> checkpoints/ckpt.pt (val_loss=0.7877)
[sample] iter 12000:
------------------------------------------------------------
public class TestSetRemoveAll {
    public static void main(String[] args) throws Exception {
        File testDir = new File(System.getProperty("test.dir", "."));
        File testDirObj = new File(".", testFile);

        File 
------------------------------------------------------------
iter 12000: loss=0.7476 (running=0.7900) lr=2.47e-04
iter 12010: loss=0.7067 (running=0.7907) lr=2.47e-04
iter 12020: loss=0.7368 (running=0.7856) lr=2.47e-04
iter 12030: loss=0.7859 (running=0.7862) lr=2.47e-04
iter 12040: loss=0.7784 (running=0.7881) lr=2.47e-04
iter 12050: loss=0.8023 (running=0.7940) lr=2.47e-04
iter 12060: loss=0.8631 (running=0.7855) lr=2.47e-04
iter 12070: loss=0.8999 (running=0.7944) lr=2.47e-04
iter 12080: loss=0.7229 (running=0.7963) lr=2.47e-04
iter 12090: loss=0.7863 (running=0.8019) lr=2.47e-04
iter 12100: loss=0.7250 (running=0.7996) lr=2.47e-04
iter 12110: loss=0.6723 (running=0.7932) lr=2.46e-04
iter 12120: loss=0.8255 (running=0.7915) lr=2.46e-04
iter 12130: loss=0.8744 (running=0.7948) lr=2.46e-04
iter 12140: loss=0.6833 (running=0.7836) lr=2.46e-04
iter 12150: loss=0.7894 (running=0.7908) lr=2.46e-04
iter 12160: loss=0.7571 (running=0.7872) lr=2.46e-04
iter 12170: loss=0.7820 (running=0.7811) lr=2.46e-04
iter 12180: loss=0.8298 (running=0.7806) lr=2.46e-04
iter 12190: loss=0.7182 (running=0.7835) lr=2.46e-04
iter 12200: loss=0.6568 (running=0.7914) lr=2.46e-04
iter 12210: loss=0.7508 (running=0.7836) lr=2.46e-04
iter 12220: loss=0.8713 (running=0.7886) lr=2.45e-04
iter 12230: loss=0.8397 (running=0.7894) lr=2.45e-04
iter 12240: loss=0.8081 (running=0.7916) lr=2.45e-04
iter 12250: loss=0.6953 (running=0.7891) lr=2.45e-04
iter 12260: loss=0.6964 (running=0.7869) lr=2.45e-04
iter 12270: loss=0.8056 (running=0.7854) lr=2.45e-04
iter 12280: loss=0.9811 (running=0.7894) lr=2.45e-04
iter 12290: loss=0.7958 (running=0.7849) lr=2.45e-04
iter 12300: loss=0.9040 (running=0.7893) lr=2.45e-04
iter 12310: loss=0.9198 (running=0.7991) lr=2.45e-04
iter 12320: loss=0.8850 (running=0.7987) lr=2.45e-04
iter 12330: loss=0.7522 (running=0.7932) lr=2.45e-04
iter 12340: loss=0.8080 (running=0.7924) lr=2.44e-04
iter 12350: loss=0.7928 (running=0.7979) lr=2.44e-04
iter 12360: loss=0.7772 (running=0.7956) lr=2.44e-04
iter 12370: loss=0.7902 (running=0.7912) lr=2.44e-04
iter 12380: loss=0.6887 (running=0.7849) lr=2.44e-04
iter 12390: loss=0.7506 (running=0.7750) lr=2.44e-04
iter 12400: loss=0.8084 (running=0.7781) lr=2.44e-04
iter 12410: loss=0.9739 (running=0.7832) lr=2.44e-04
iter 12420: loss=0.8160 (running=0.7866) lr=2.44e-04
iter 12430: loss=0.6970 (running=0.7796) lr=2.44e-04
iter 12440: loss=0.6974 (running=0.7706) lr=2.44e-04
iter 12450: loss=0.8476 (running=0.7717) lr=2.43e-04
iter 12460: loss=0.7583 (running=0.7720) lr=2.43e-04
iter 12470: loss=0.7313 (running=0.7756) lr=2.43e-04
iter 12480: loss=0.7896 (running=0.7734) lr=2.43e-04
iter 12490: loss=0.7239 (running=0.7779) lr=2.43e-04
[eval] iter 12500: train_loss=0.7374 val_loss=0.7875 lr=2.43e-04 elapsed=13635s
  saved checkpoint -> checkpoints/ckpt.pt (val_loss=0.7875)
iter 12500: loss=0.6980 (running=0.7792) lr=2.43e-04
iter 12510: loss=0.7777 (running=0.7843) lr=2.43e-04
iter 12520: loss=0.7767 (running=0.7851) lr=2.43e-04
iter 12530: loss=0.8733 (running=0.7859) lr=2.43e-04
iter 12540: loss=0.7355 (running=0.7805) lr=2.43e-04
iter 12550: loss=0.7721 (running=0.7875) lr=2.43e-04
iter 12560: loss=0.7393 (running=0.7838) lr=2.43e-04
iter 12570: loss=0.6660 (running=0.7843) lr=2.42e-04
iter 12580: loss=0.6717 (running=0.7785) lr=2.42e-04
iter 12590: loss=0.8297 (running=0.7741) lr=2.42e-04
iter 12600: loss=0.7571 (running=0.7835) lr=2.42e-04
iter 12610: loss=0.7843 (running=0.7802) lr=2.42e-04
iter 12620: loss=0.7143 (running=0.7735) lr=2.42e-04
iter 12630: loss=0.7431 (running=0.7719) lr=2.42e-04
iter 12640: loss=0.8616 (running=0.7735) lr=2.42e-04
iter 12650: loss=0.7308 (running=0.7744) lr=2.42e-04
iter 12660: loss=0.7704 (running=0.7826) lr=2.42e-04
iter 12670: loss=0.8234 (running=0.7813) lr=2.42e-04
iter 12680: loss=0.7688 (running=0.7762) lr=2.41e-04
iter 12690: loss=0.7492 (running=0.7867) lr=2.41e-04
iter 12700: loss=0.7908 (running=0.7918) lr=2.41e-04
iter 12710: loss=0.7685 (running=0.7865) lr=2.41e-04
iter 12720: loss=0.9207 (running=0.8002) lr=2.41e-04
iter 12730: loss=0.7635 (running=0.7967) lr=2.41e-04
iter 12740: loss=0.8213 (running=0.7987) lr=2.41e-04
iter 12750: loss=0.8138 (running=0.7899) lr=2.41e-04
iter 12760: loss=0.7089 (running=0.7938) lr=2.41e-04
iter 12770: loss=0.7854 (running=0.7890) lr=2.41e-04
iter 12780: loss=0.7595 (running=0.7872) lr=2.41e-04
iter 12790: loss=0.6915 (running=0.7779) lr=2.40e-04
iter 12800: loss=0.7756 (running=0.7751) lr=2.40e-04
iter 12810: loss=0.7428 (running=0.7771) lr=2.40e-04
iter 12820: loss=0.8354 (running=0.7756) lr=2.40e-04
iter 12830: loss=0.6731 (running=0.7799) lr=2.40e-04
iter 12840: loss=0.7947 (running=0.7763) lr=2.40e-04
iter 12850: loss=0.7972 (running=0.7760) lr=2.40e-04
iter 12860: loss=0.7257 (running=0.7758) lr=2.40e-04
iter 12870: loss=0.7896 (running=0.7772) lr=2.40e-04
iter 12880: loss=0.8367 (running=0.7806) lr=2.40e-04
iter 12890: loss=0.7348 (running=0.7737) lr=2.40e-04
iter 12900: loss=0.6712 (running=0.7796) lr=2.39e-04
iter 12910: loss=0.9755 (running=0.7785) lr=2.39e-04
iter 12920: loss=0.9622 (running=0.7812) lr=2.39e-04
iter 12930: loss=0.6737 (running=0.7738) lr=2.39e-04
iter 12940: loss=0.7889 (running=0.7755) lr=2.39e-04
iter 12950: loss=0.8472 (running=0.7786) lr=2.39e-04
iter 12960: loss=0.8667 (running=0.7825) lr=2.39e-04
iter 12970: loss=0.8071 (running=0.7802) lr=2.39e-04
iter 12980: loss=0.8812 (running=0.7833) lr=2.39e-04
iter 12990: loss=0.6612 (running=0.7763) lr=2.39e-04
[eval] iter 13000: train_loss=0.7204 val_loss=0.7742 lr=2.39e-04 elapsed=14219s
  saved checkpoint -> checkpoints/ckpt.pt (val_loss=0.7742)
[sample] iter 13000:
------------------------------------------------------------
public class Test {
		public static void main(String[] args) {
			new Name();
		}
	}

}

/*
 * Copyright 2002-present the original author or authors.
 *
 * Licensed under the Apache License, Version 2.0 (the "License");
 * you may not use this file except in compliance with the License.
 * You may obtain a copy of the License at
 *
 *      https://www.apache.org/licenses/LICENSE-2.0
 *
 * Unless required by applicable law or agreed to in writing, software
 * distributed under the License is distributed on an "AS IS" BASIS,
 * WITHOUT WARRANTIES OR CONDITIONS OF ANY KIND, either express or implied.
 * See the License for the specific language governing permissions and
 * limitations under the License.
 */

package org.springframework.expression.spel.ast;

import java.lang.reflect.Method;
import java.net.URI;
import java.util
------------------------------------------------------------
iter 13000: loss=0.7378 (running=0.7788) lr=2.39e-04
iter 13010: loss=0.7648 (running=0.7779) lr=2.39e-04
iter 13020: loss=0.9194 (running=0.7833) lr=2.38e-04
iter 13030: loss=0.7309 (running=0.7799) lr=2.38e-04
iter 13040: loss=0.7241 (running=0.7814) lr=2.38e-04
iter 13050: loss=0.8142 (running=0.7877) lr=2.38e-04
iter 13060: loss=0.7453 (running=0.7876) lr=2.38e-04
iter 13070: loss=0.8530 (running=0.7915) lr=2.38e-04
iter 13080: loss=0.7040 (running=0.7860) lr=2.38e-04
iter 13090: loss=0.7007 (running=0.7829) lr=2.38e-04
iter 13100: loss=0.7543 (running=0.7854) lr=2.38e-04
iter 13110: loss=0.8072 (running=0.7833) lr=2.38e-04
iter 13120: loss=0.8481 (running=0.7823) lr=2.38e-04
iter 13130: loss=0.6922 (running=0.7743) lr=2.37e-04
iter 13140: loss=0.8678 (running=0.7750) lr=2.37e-04
iter 13150: loss=0.8625 (running=0.7766) lr=2.37e-04
iter 13160: loss=0.6685 (running=0.7745) lr=2.37e-04
iter 13170: loss=0.6730 (running=0.7718) lr=2.37e-04
iter 13180: loss=0.8406 (running=0.7720) lr=2.37e-04
iter 13190: loss=0.7949 (running=0.7721) lr=2.37e-04
iter 13200: loss=0.8011 (running=0.7739) lr=2.37e-04
iter 13210: loss=0.6880 (running=0.7754) lr=2.37e-04
iter 13220: loss=0.7349 (running=0.7699) lr=2.37e-04
iter 13230: loss=0.7412 (running=0.7684) lr=2.37e-04
iter 13240: loss=0.7032 (running=0.7691) lr=2.36e-04
iter 13250: loss=0.9023 (running=0.7709) lr=2.36e-04
iter 13260: loss=0.7223 (running=0.7749) lr=2.36e-04
iter 13270: loss=0.8005 (running=0.7809) lr=2.36e-04
iter 13280: loss=0.7905 (running=0.7787) lr=2.36e-04
iter 13290: loss=0.6962 (running=0.7809) lr=2.36e-04
iter 13300: loss=0.7902 (running=0.7779) lr=2.36e-04
iter 13310: loss=0.7813 (running=0.7787) lr=2.36e-04
iter 13320: loss=0.7924 (running=0.7801) lr=2.36e-04
iter 13330: loss=0.6989 (running=0.7707) lr=2.36e-04
iter 13340: loss=0.6618 (running=0.7698) lr=2.36e-04
iter 13350: loss=0.7681 (running=0.7642) lr=2.35e-04
iter 13360: loss=0.8740 (running=0.7664) lr=2.35e-04
iter 13370: loss=0.8020 (running=0.7682) lr=2.35e-04
iter 13380: loss=0.7210 (running=0.7725) lr=2.35e-04
iter 13390: loss=0.6912 (running=0.7680) lr=2.35e-04
iter 13400: loss=0.6492 (running=0.7687) lr=2.35e-04
iter 13410: loss=0.6377 (running=0.7630) lr=2.35e-04
iter 13420: loss=0.6853 (running=0.7740) lr=2.35e-04
iter 13430: loss=0.8156 (running=0.7727) lr=2.35e-04
iter 13440: loss=0.6781 (running=0.7676) lr=2.35e-04
iter 13450: loss=0.8151 (running=0.7711) lr=2.35e-04
iter 13460: loss=0.8282 (running=0.7624) lr=2.34e-04
iter 13470: loss=0.6389 (running=0.7542) lr=2.34e-04
iter 13480: loss=0.8035 (running=0.7542) lr=2.34e-04
iter 13490: loss=0.5969 (running=0.7538) lr=2.34e-04
[eval] iter 13500: train_loss=0.7321 val_loss=0.7737 lr=2.34e-04 elapsed=14775s
  saved checkpoint -> checkpoints/ckpt.pt (val_loss=0.7737)
iter 13500: loss=0.7423 (running=0.7633) lr=2.34e-04
iter 13510: loss=0.8429 (running=0.7646) lr=2.34e-04
iter 13520: loss=0.8666 (running=0.7677) lr=2.34e-04
iter 13530: loss=0.7576 (running=0.7669) lr=2.34e-04
iter 13540: loss=0.7253 (running=0.7654) lr=2.34e-04
iter 13550: loss=0.7956 (running=0.7625) lr=2.34e-04
iter 13560: loss=0.7488 (running=0.7626) lr=2.33e-04
iter 13570: loss=0.6974 (running=0.7600) lr=2.33e-04
iter 13580: loss=0.7714 (running=0.7600) lr=2.33e-04
iter 13590: loss=0.8208 (running=0.7652) lr=2.33e-04
iter 13600: loss=0.6578 (running=0.7569) lr=2.33e-04
iter 13610: loss=0.7663 (running=0.7608) lr=2.33e-04
iter 13620: loss=0.7062 (running=0.7591) lr=2.33e-04
iter 13630: loss=0.7186 (running=0.7576) lr=2.33e-04
iter 13640: loss=0.9274 (running=0.7677) lr=2.33e-04
iter 13650: loss=0.8085 (running=0.7583) lr=2.33e-04
iter 13660: loss=0.8624 (running=0.7652) lr=2.33e-04
iter 13670: loss=0.8148 (running=0.7643) lr=2.32e-04
iter 13680: loss=0.8349 (running=0.7641) lr=2.32e-04
iter 13690: loss=0.7413 (running=0.7642) lr=2.32e-04
iter 13700: loss=0.9298 (running=0.7739) lr=2.32e-04
iter 13710: loss=0.7882 (running=0.7744) lr=2.32e-04
iter 13720: loss=0.7151 (running=0.7669) lr=2.32e-04
iter 13730: loss=0.7384 (running=0.7675) lr=2.32e-04
iter 13740: loss=0.7108 (running=0.7683) lr=2.32e-04
iter 13750: loss=0.7660 (running=0.7705) lr=2.32e-04
iter 13760: loss=0.9961 (running=0.7715) lr=2.32e-04
iter 13770: loss=0.7187 (running=0.7682) lr=2.32e-04
iter 13780: loss=0.7461 (running=0.7778) lr=2.31e-04
iter 13790: loss=0.7055 (running=0.7732) lr=2.31e-04
iter 13800: loss=0.6829 (running=0.7702) lr=2.31e-04
iter 13810: loss=0.8949 (running=0.7700) lr=2.31e-04
iter 13820: loss=0.7765 (running=0.7732) lr=2.31e-04
iter 13830: loss=0.6910 (running=0.7677) lr=2.31e-04
iter 13840: loss=0.7596 (running=0.7622) lr=2.31e-04
iter 13850: loss=0.8590 (running=0.7702) lr=2.31e-04
iter 13860: loss=0.6918 (running=0.7693) lr=2.31e-04
iter 13870: loss=0.7918 (running=0.7756) lr=2.31e-04
iter 13880: loss=0.7271 (running=0.7717) lr=2.31e-04
iter 13890: loss=0.6675 (running=0.7690) lr=2.30e-04
iter 13900: loss=0.7924 (running=0.7666) lr=2.30e-04
iter 13910: loss=0.7590 (running=0.7667) lr=2.30e-04
iter 13920: loss=0.7649 (running=0.7701) lr=2.30e-04
iter 13930: loss=0.8389 (running=0.7707) lr=2.30e-04
iter 13940: loss=0.6766 (running=0.7666) lr=2.30e-04
iter 13950: loss=0.7356 (running=0.7633) lr=2.30e-04
iter 13960: loss=0.7664 (running=0.7652) lr=2.30e-04
iter 13970: loss=0.7320 (running=0.7657) lr=2.30e-04
iter 13980: loss=0.8928 (running=0.7688) lr=2.30e-04
iter 13990: loss=0.7694 (running=0.7632) lr=2.29e-04
[eval] iter 14000: train_loss=0.7094 val_loss=0.7609 lr=2.29e-04 elapsed=15310s
  saved checkpoint -> checkpoints/ckpt.pt (val_loss=0.7609)
[sample] iter 14000:
------------------------------------------------------------
public class Band {
    public abstract E findE(long id);
}


/*
 * Copyright (c) 2021, Oracle and/or its affiliates. All rights reserved.
 * DO NOT ALTER OR REMOVE COPYRIGHT NOTICES OR THIS FILE HEADER.
 *
 * This code is free software; you can redistribute it and/or modify it
 * under the terms of the GNU General Public License version 2 only, as
 * published by the Free Software Foundation.
 *
 * This code is distributed in the hope that it will be useful, but WITHOUT
 * ANY WARRANTY; without even the implied warranty of MERCHANTABILITY or
 * FITNESS FOR A PARTICULAR PURPOSE.  See the GNU General Public License
 * version 2 for more details (a copy is included in the LICENSE file that
 * accompanied this code).
 *
 * You should have received a copy of the GNU General Public License version
 * 2 along with this work; if not, write to the Free Software Foundation,
 * Inc., 51 Franklin St, Fifth Floor, Boston, MA 02110-1301 USA.
 *
 * Please contact Oracle, 500 Oracle Parkway, Redwood Shores, CA 94065 USA
 * or visit www.oracle.com if you need additional information or have any
 * questions.
 */

import java.io.*;
import java.util.*;
import javax.annotation.processing.*;
import javax.lang.model.element.*;
import javax.tools.*;
import 
------------------------------------------------------------
iter 14000: loss=0.7027 (running=0.7654) lr=2.29e-04
iter 14010: loss=0.6644 (running=0.7647) lr=2.29e-04
iter 14020: loss=0.7041 (running=0.7578) lr=2.29e-04
iter 14030: loss=0.6953 (running=0.7710) lr=2.29e-04
iter 14040: loss=0.7740 (running=0.7728) lr=2.29e-04
iter 14050: loss=0.6374 (running=0.7689) lr=2.29e-04
iter 14060: loss=0.7348 (running=0.7676) lr=2.29e-04
iter 14070: loss=0.7601 (running=0.7644) lr=2.29e-04
iter 14080: loss=0.7244 (running=0.7604) lr=2.29e-04
iter 14090: loss=0.6864 (running=0.7634) lr=2.29e-04
iter 14100: loss=0.8921 (running=0.7647) lr=2.28e-04
iter 14110: loss=0.8087 (running=0.7631) lr=2.28e-04
iter 14120: loss=0.7706 (running=0.7538) lr=2.28e-04
iter 14130: loss=0.9394 (running=0.7645) lr=2.28e-04
iter 14140: loss=0.6069 (running=0.7557) lr=2.28e-04
iter 14150: loss=0.7173 (running=0.7493) lr=2.28e-04
iter 14160: loss=0.7677 (running=0.7495) lr=2.28e-04
iter 14170: loss=0.9629 (running=0.7509) lr=2.28e-04
iter 14180: loss=0.9029 (running=0.7573) lr=2.28e-04
iter 14190: loss=0.7188 (running=0.7635) lr=2.28e-04
iter 14200: loss=0.9591 (running=0.7625) lr=2.27e-04
iter 14210: loss=0.7764 (running=0.7611) lr=2.27e-04
iter 14220: loss=0.8576 (running=0.7599) lr=2.27e-04
iter 14230: loss=0.8253 (running=0.7599) lr=2.27e-04
iter 14240: loss=0.7866 (running=0.7614) lr=2.27e-04
iter 14250: loss=0.6952 (running=0.7624) lr=2.27e-04
iter 14260: loss=0.7654 (running=0.7686) lr=2.27e-04
iter 14270: loss=0.8104 (running=0.7652) lr=2.27e-04
iter 14280: loss=0.7201 (running=0.7632) lr=2.27e-04
iter 14290: loss=0.7029 (running=0.7606) lr=2.27e-04
iter 14300: loss=0.8186 (running=0.7642) lr=2.27e-04
iter 14310: loss=0.7941 (running=0.7607) lr=2.26e-04
iter 14320: loss=0.6093 (running=0.7561) lr=2.26e-04
iter 14330: loss=0.8242 (running=0.7562) lr=2.26e-04
iter 14340: loss=0.7774 (running=0.7553) lr=2.26e-04
iter 14350: loss=0.6454 (running=0.7518) lr=2.26e-04
iter 14360: loss=0.8282 (running=0.7491) lr=2.26e-04
iter 14370: loss=0.7658 (running=0.7537) lr=2.26e-04
iter 14380: loss=0.6727 (running=0.7519) lr=2.26e-04
iter 14390: loss=0.7861 (running=0.7500) lr=2.26e-04
iter 14400: loss=0.7673 (running=0.7484) lr=2.26e-04
iter 14410: loss=0.7915 (running=0.7518) lr=2.25e-04
iter 14420: loss=0.7794 (running=0.7521) lr=2.25e-04
iter 14430: loss=0.7359 (running=0.7512) lr=2.25e-04
iter 14440: loss=0.6944 (running=0.7502) lr=2.25e-04
iter 14450: loss=0.6255 (running=0.7511) lr=2.25e-04
iter 14460: loss=0.7600 (running=0.7465) lr=2.25e-04
iter 14470: loss=0.7529 (running=0.7472) lr=2.25e-04
iter 14480: loss=0.8125 (running=0.7509) lr=2.25e-04
iter 14490: loss=0.8084 (running=0.7546) lr=2.25e-04
[eval] iter 14500: train_loss=0.6984 val_loss=0.7459 lr=2.25e-04 elapsed=15851s
  saved checkpoint -> checkpoints/ckpt.pt (val_loss=0.7459)
iter 14500: loss=0.7543 (running=0.7575) lr=2.25e-04
iter 14510: loss=0.8591 (running=0.7620) lr=2.25e-04
iter 14520: loss=0.7962 (running=0.7626) lr=2.24e-04
iter 14530: loss=0.8316 (running=0.7686) lr=2.24e-04
iter 14540: loss=0.6442 (running=0.7626) lr=2.24e-04
iter 14550: loss=0.6999 (running=0.7632) lr=2.24e-04
iter 14560: loss=0.8489 (running=0.7720) lr=2.24e-04
iter 14570: loss=0.7287 (running=0.7669) lr=2.24e-04
iter 14580: loss=0.7668 (running=0.7611) lr=2.24e-04
iter 14590: loss=0.7271 (running=0.7655) lr=2.24e-04
iter 14600: loss=0.6360 (running=0.7602) lr=2.24e-04
iter 14610: loss=0.8395 (running=0.7589) lr=2.24e-04
iter 14620: loss=0.8217 (running=0.7682) lr=2.23e-04
iter 14630: loss=0.6964 (running=0.7594) lr=2.23e-04
iter 14640: loss=0.7287 (running=0.7601) lr=2.23e-04
iter 14650: loss=0.5803 (running=0.7582) lr=2.23e-04
iter 14660: loss=0.7292 (running=0.7654) lr=2.23e-04
iter 14670: loss=0.9579 (running=0.7679) lr=2.23e-04
iter 14680: loss=0.7526 (running=0.7581) lr=2.23e-04
iter 14690: loss=0.7142 (running=0.7467) lr=2.23e-04
iter 14700: loss=0.7819 (running=0.7641) lr=2.23e-04
iter 14710: loss=0.6873 (running=0.7566) lr=2.23e-04
iter 14720: loss=0.9090 (running=0.7551) lr=2.22e-04
iter 14730: loss=0.7662 (running=0.7582) lr=2.22e-04
iter 14740: loss=0.6984 (running=0.7438) lr=2.22e-04
iter 14750: loss=0.7111 (running=0.7433) lr=2.22e-04
iter 14760: loss=0.8280 (running=0.7506) lr=2.22e-04
iter 14770: loss=0.6934 (running=0.7566) lr=2.22e-04
iter 14780: loss=0.7811 (running=0.7489) lr=2.22e-04
iter 14790: loss=0.7029 (running=0.7459) lr=2.22e-04
iter 14800: loss=0.8015 (running=0.7489) lr=2.22e-04
iter 14810: loss=0.8110 (running=0.7473) lr=2.22e-04
iter 14820: loss=0.8043 (running=0.7390) lr=2.22e-04
iter 14830: loss=0.7386 (running=0.7344) lr=2.21e-04
iter 14840: loss=0.6872 (running=0.7355) lr=2.21e-04
iter 14850: loss=0.7855 (running=0.7406) lr=2.21e-04
iter 14860: loss=0.7123 (running=0.7455) lr=2.21e-04
iter 14870: loss=0.7052 (running=0.7533) lr=2.21e-04
iter 14880: loss=0.7956 (running=0.7520) lr=2.21e-04
iter 14890: loss=0.8456 (running=0.7455) lr=2.21e-04
iter 14900: loss=0.8680 (running=0.7549) lr=2.21e-04
iter 14910: loss=0.8990 (running=0.7588) lr=2.21e-04
iter 14920: loss=0.7649 (running=0.7550) lr=2.21e-04
iter 14930: loss=0.7151 (running=0.7521) lr=2.20e-04
iter 14940: loss=0.6611 (running=0.7480) lr=2.20e-04
iter 14950: loss=0.7107 (running=0.7554) lr=2.20e-04
iter 14960: loss=0.9382 (running=0.7584) lr=2.20e-04
iter 14970: loss=0.7069 (running=0.7567) lr=2.20e-04
iter 14980: loss=0.8578 (running=0.7577) lr=2.20e-04
iter 14990: loss=0.7463 (running=0.7510) lr=2.20e-04
[eval] iter 15000: train_loss=0.6937 val_loss=0.7504 lr=2.20e-04 elapsed=16400s
[sample] iter 15000:
------------------------------------------------------------
public class RotateException extends Exception {

    private static final long serialVersionUID = -3559914827765030632L;

    /**
     * Constructs a {@code RotateException} with the specified message
     * and root cause.
     *
     * @param message the detail message
     * @param cause the cause (which is saved for later retrieval by the
     *        {@link #getCause()} method
------------------------------------------------------------
iter 15000: loss=0.7670 (running=0.7483) lr=2.20e-04
iter 15010: loss=0.6754 (running=0.7471) lr=2.20e-04
iter 15020: loss=0.6353 (running=0.7416) lr=2.20e-04
iter 15030: loss=0.7364 (running=0.7423) lr=2.19e-04
iter 15040: loss=0.7058 (running=0.7494) lr=2.19e-04
iter 15050: loss=0.7007 (running=0.7560) lr=2.19e-04
iter 15060: loss=0.8225 (running=0.7559) lr=2.19e-04
iter 15070: loss=0.6791 (running=0.7503) lr=2.19e-04
iter 15080: loss=0.8782 (running=0.7517) lr=2.19e-04
iter 15090: loss=0.6804 (running=0.7396) lr=2.19e-04
iter 15100: loss=0.7547 (running=0.7394) lr=2.19e-04
iter 15110: loss=0.7633 (running=0.7484) lr=2.19e-04
iter 15120: loss=0.8128 (running=0.7499) lr=2.19e-04
iter 15130: loss=0.7350 (running=0.7437) lr=2.18e-04
iter 15140: loss=0.7805 (running=0.7458) lr=2.18e-04
iter 15150: loss=0.8454 (running=0.7411) lr=2.18e-04
iter 15160: loss=0.8784 (running=0.7482) lr=2.18e-04
iter 15170: loss=0.7771 (running=0.7522) lr=2.18e-04
iter 15180: loss=0.7930 (running=0.7547) lr=2.18e-04
iter 15190: loss=0.8011 (running=0.7581) lr=2.18e-04
iter 15200: loss=0.7080 (running=0.7571) lr=2.18e-04
iter 15210: loss=0.7490 (running=0.7542) lr=2.18e-04
iter 15220: loss=0.7366 (running=0.7580) lr=2.18e-04
iter 15230: loss=0.7007 (running=0.7521) lr=2.17e-04
iter 15240: loss=0.7214 (running=0.7449) lr=2.17e-04
iter 15250: loss=0.8291 (running=0.7457) lr=2.17e-04
iter 15260: loss=0.8076 (running=0.7525) lr=2.17e-04
iter 15270: loss=0.6901 (running=0.7463) lr=2.17e-04
iter 15280: loss=0.8069 (running=0.7538) lr=2.17e-04
iter 15290: loss=0.7876 (running=0.7490) lr=2.17e-04
iter 15300: loss=0.6269 (running=0.7475) lr=2.17e-04
iter 15310: loss=0.5979 (running=0.7399) lr=2.17e-04
iter 15320: loss=0.6961 (running=0.7331) lr=2.17e-04
iter 15330: loss=0.6653 (running=0.7319) lr=2.16e-04
iter 15340: loss=0.7976 (running=0.7439) lr=2.16e-04
iter 15350: loss=0.6845 (running=0.7476) lr=2.16e-04
iter 15360: loss=0.5507 (running=0.7396) lr=2.16e-04
iter 15370: loss=0.7670 (running=0.7503) lr=2.16e-04
iter 15380: loss=0.7562 (running=0.7504) lr=2.16e-04
iter 15390: loss=0.7306 (running=0.7418) lr=2.16e-04
iter 15400: loss=0.8325 (running=0.7407) lr=2.16e-04
iter 15410: loss=0.7376 (running=0.7383) lr=2.16e-04
iter 15420: loss=0.6055 (running=0.7375) lr=2.16e-04
iter 15430: loss=0.8405 (running=0.7409) lr=2.15e-04
iter 15440: loss=0.7258 (running=0.7491) lr=2.15e-04
iter 15450: loss=0.7251 (running=0.7414) lr=2.15e-04
iter 15460: loss=0.7500 (running=0.7422) lr=2.15e-04
iter 15470: loss=0.6393 (running=0.7389) lr=2.15e-04
iter 15480: loss=0.6730 (running=0.7341) lr=2.15e-04
iter 15490: loss=0.6834 (running=0.7398) lr=2.15e-04
[eval] iter 15500: train_loss=0.6883 val_loss=0.7282 lr=2.15e-04 elapsed=16944s
  saved checkpoint -> checkpoints/ckpt.pt (val_loss=0.7282)
iter 15500: loss=0.8859 (running=0.7447) lr=2.15e-04
iter 15510: loss=0.6685 (running=0.7440) lr=2.15e-04
iter 15520: loss=0.7971 (running=0.7448) lr=2.15e-04
iter 15530: loss=0.7458 (running=0.7406) lr=2.14e-04
iter 15540: loss=0.6565 (running=0.7481) lr=2.14e-04
iter 15550: loss=0.6749 (running=0.7502) lr=2.14e-04
iter 15560: loss=0.7313 (running=0.7553) lr=2.14e-04
iter 15570: loss=0.8497 (running=0.7533) lr=2.14e-04
iter 15580: loss=0.7707 (running=0.7540) lr=2.14e-04
iter 15590: loss=0.8182 (running=0.7490) lr=2.14e-04
iter 15600: loss=0.7065 (running=0.7470) lr=2.14e-04
iter 15610: loss=0.8372 (running=0.7457) lr=2.14e-04
iter 15620: loss=0.7537 (running=0.7476) lr=2.14e-04
iter 15630: loss=0.7497 (running=0.7470) lr=2.13e-04
iter 15640: loss=0.6174 (running=0.7497) lr=2.13e-04
iter 15650: loss=0.7459 (running=0.7559) lr=2.13e-04
iter 15660: loss=0.6833 (running=0.7484) lr=2.13e-04
iter 15670: loss=0.6925 (running=0.7430) lr=2.13e-04
iter 15680: loss=0.7440 (running=0.7428) lr=2.13e-04
iter 15690: loss=0.6776 (running=0.7394) lr=2.13e-04
iter 15700: loss=0.8928 (running=0.7466) lr=2.13e-04
iter 15710: loss=0.5537 (running=0.7398) lr=2.13e-04
iter 15720: loss=0.6526 (running=0.7353) lr=2.13e-04
iter 15730: loss=0.7213 (running=0.7362) lr=2.12e-04
iter 15740: loss=0.6208 (running=0.7361) lr=2.12e-04
iter 15750: loss=0.6393 (running=0.7352) lr=2.12e-04
iter 15760: loss=0.7059 (running=0.7316) lr=2.12e-04
iter 15770: loss=0.8475 (running=0.7318) lr=2.12e-04
iter 15780: loss=0.9514 (running=0.7320) lr=2.12e-04
iter 15790: loss=0.7595 (running=0.7339) lr=2.12e-04
iter 15800: loss=0.6860 (running=0.7326) lr=2.12e-04
iter 15810: loss=0.7232 (running=0.7266) lr=2.12e-04
iter 15820: loss=0.7614 (running=0.7370) lr=2.12e-04
iter 15830: loss=0.8684 (running=0.7379) lr=2.11e-04
iter 15840: loss=0.7357 (running=0.7361) lr=2.11e-04
iter 15850: loss=0.6723 (running=0.7374) lr=2.11e-04
iter 15860: loss=0.8124 (running=0.7378) lr=2.11e-04
iter 15870: loss=0.6812 (running=0.7361) lr=2.11e-04
iter 15880: loss=0.6519 (running=0.7304) lr=2.11e-04
iter 15890: loss=0.7433 (running=0.7261) lr=2.11e-04
iter 15900: loss=0.7248 (running=0.7250) lr=2.11e-04
iter 15910: loss=0.6998 (running=0.7258) lr=2.11e-04
iter 15920: loss=0.6817 (running=0.7252) lr=2.11e-04
iter 15930: loss=0.5886 (running=0.7202) lr=2.10e-04
iter 15940: loss=0.7769 (running=0.7210) lr=2.10e-04
iter 15950: loss=0.9319 (running=0.7327) lr=2.10e-04
iter 15960: loss=0.7005 (running=0.7330) lr=2.10e-04
iter 15970: loss=0.7641 (running=0.7300) lr=2.10e-04
iter 15980: loss=0.7613 (running=0.7336) lr=2.10e-04
iter 15990: loss=0.7213 (running=0.7265) lr=2.10e-04
[eval] iter 16000: train_loss=0.6686 val_loss=0.7279 lr=2.10e-04 elapsed=17477s
  saved checkpoint -> checkpoints/ckpt.pt (val_loss=0.7279)
[sample] iter 16000:
------------------------------------------------------------
public class CourseEvent extends Event {

    @Label("Start Course")
    public long courseStart;

    @Label("Start Course")
    public long courseStart;

    @Label("Course")
    public long courseEnd;


------------------------------------------------------------
iter 16000: loss=0.7061 (running=0.7265) lr=2.10e-04
iter 16010: loss=0.7699 (running=0.7296) lr=2.10e-04
iter 16020: loss=0.7874 (running=0.7338) lr=2.10e-04
iter 16030: loss=0.8880 (running=0.7424) lr=2.09e-04
iter 16040: loss=0.8306 (running=0.7521) lr=2.09e-04
iter 16050: loss=0.7050 (running=0.7467) lr=2.09e-04
iter 16060: loss=0.7602 (running=0.7470) lr=2.09e-04
iter 16070: loss=0.7457 (running=0.7453) lr=2.09e-04
iter 16080: loss=0.8071 (running=0.7386) lr=2.09e-04
iter 16090: loss=0.6490 (running=0.7318) lr=2.09e-04
iter 16100: loss=0.6966 (running=0.7256) lr=2.09e-04
iter 16110: loss=0.7274 (running=0.7206) lr=2.09e-04
iter 16120: loss=0.7356 (running=0.7264) lr=2.09e-04
iter 16130: loss=0.7583 (running=0.7291) lr=2.08e-04
iter 16140: loss=0.6623 (running=0.7294) lr=2.08e-04
iter 16150: loss=0.6216 (running=0.7303) lr=2.08e-04
iter 16160: loss=0.7467 (running=0.7365) lr=2.08e-04
iter 16170: loss=0.5962 (running=0.7384) lr=2.08e-04
iter 16180: loss=0.9025 (running=0.7379) lr=2.08e-04
iter 16190: loss=0.7400 (running=0.7348) lr=2.08e-04
iter 16200: loss=0.7515 (running=0.7377) lr=2.08e-04
iter 16210: loss=0.7364 (running=0.7354) lr=2.08e-04
iter 16220: loss=0.6070 (running=0.7417) lr=2.08e-04
iter 16230: loss=0.7982 (running=0.7356) lr=2.07e-04
iter 16240: loss=0.7639 (running=0.7372) lr=2.07e-04
iter 16250: loss=0.6813 (running=0.7398) lr=2.07e-04
iter 16260: loss=0.6825 (running=0.7368) lr=2.07e-04
iter 16270: loss=0.7627 (running=0.7316) lr=2.07e-04
iter 16280: loss=0.6483 (running=0.7184) lr=2.07e-04
iter 16290: loss=0.6991 (running=0.7171) lr=2.07e-04
iter 16300: loss=0.7442 (running=0.7179) lr=2.07e-04
iter 16310: loss=0.7667 (running=0.7251) lr=2.07e-04
iter 16320: loss=0.7843 (running=0.7293) lr=2.07e-04
iter 16330: loss=0.7680 (running=0.7275) lr=2.06e-04
iter 16340: loss=0.7240 (running=0.7291) lr=2.06e-04
iter 16350: loss=0.7373 (running=0.7257) lr=2.06e-04
iter 16360: loss=0.8358 (running=0.7265) lr=2.06e-04
iter 16370: loss=0.6476 (running=0.7249) lr=2.06e-04
iter 16380: loss=0.6411 (running=0.7194) lr=2.06e-04
iter 16390: loss=0.7770 (running=0.7220) lr=2.06e-04
iter 16400: loss=0.8035 (running=0.7301) lr=2.06e-04
iter 16410: loss=0.8286 (running=0.7315) lr=2.06e-04
iter 16420: loss=0.6725 (running=0.7265) lr=2.05e-04
iter 16430: loss=0.7093 (running=0.7217) lr=2.05e-04
iter 16440: loss=0.6632 (running=0.7149) lr=2.05e-04
iter 16450: loss=0.8056 (running=0.7178) lr=2.05e-04
iter 16460: loss=0.7277 (running=0.7231) lr=2.05e-04
iter 16470: loss=0.8428 (running=0.7232) lr=2.05e-04
iter 16480: loss=0.7738 (running=0.7279) lr=2.05e-04
iter 16490: loss=0.8513 (running=0.7355) lr=2.05e-04
[eval] iter 16500: train_loss=0.6694 val_loss=0.7272 lr=2.05e-04 elapsed=18014s
  saved checkpoint -> checkpoints/ckpt.pt (val_loss=0.7272)
iter 16500: loss=0.7641 (running=0.7429) lr=2.05e-04
iter 16510: loss=0.6529 (running=0.7434) lr=2.05e-04
iter 16520: loss=0.8351 (running=0.7446) lr=2.04e-04
iter 16530: loss=0.7458 (running=0.7383) lr=2.04e-04
iter 16540: loss=0.7033 (running=0.7323) lr=2.04e-04
iter 16550: loss=0.6796 (running=0.7361) lr=2.04e-04
iter 16560: loss=0.7654 (running=0.7393) lr=2.04e-04
iter 16570: loss=0.8437 (running=0.7392) lr=2.04e-04
iter 16580: loss=0.6515 (running=0.7336) lr=2.04e-04
iter 16590: loss=0.7364 (running=0.7310) lr=2.04e-04
iter 16600: loss=0.6631 (running=0.7328) lr=2.04e-04
iter 16610: loss=0.7346 (running=0.7249) lr=2.04e-04
iter 16620: loss=0.8007 (running=0.7219) lr=2.03e-04
iter 16630: loss=0.6897 (running=0.7257) lr=2.03e-04
iter 16640: loss=0.6553 (running=0.7204) lr=2.03e-04
iter 16650: loss=0.6253 (running=0.7199) lr=2.03e-04
iter 16660: loss=0.6770 (running=0.7237) lr=2.03e-04
iter 16670: loss=0.7112 (running=0.7209) lr=2.03e-04
iter 16680: loss=0.7492 (running=0.7280) lr=2.03e-04
iter 16690: loss=0.6589 (running=0.7285) lr=2.03e-04
iter 16700: loss=0.6265 (running=0.7229) lr=2.03e-04
iter 16710: loss=0.8678 (running=0.7235) lr=2.03e-04
iter 16720: loss=0.6856 (running=0.7317) lr=2.02e-04
iter 16730: loss=0.6851 (running=0.7315) lr=2.02e-04
iter 16740: loss=0.7492 (running=0.7329) lr=2.02e-04
iter 16750: loss=0.8016 (running=0.7417) lr=2.02e-04
iter 16760: loss=0.7572 (running=0.7400) lr=2.02e-04
iter 16770: loss=0.7439 (running=0.7383) lr=2.02e-04
iter 16780: loss=0.5795 (running=0.7283) lr=2.02e-04
iter 16790: loss=0.7876 (running=0.7254) lr=2.02e-04
iter 16800: loss=0.7385 (running=0.7221) lr=2.02e-04
iter 16810: loss=0.8274 (running=0.7286) lr=2.01e-04
iter 16820: loss=0.7045 (running=0.7282) lr=2.01e-04
iter 16830: loss=0.7162 (running=0.7268) lr=2.01e-04
iter 16840: loss=0.6938 (running=0.7314) lr=2.01e-04
iter 16850: loss=0.7481 (running=0.7285) lr=2.01e-04
iter 16860: loss=0.8432 (running=0.7298) lr=2.01e-04
iter 16870: loss=0.8222 (running=0.7314) lr=2.01e-04
iter 16880: loss=0.6627 (running=0.7288) lr=2.01e-04
iter 16890: loss=0.6828 (running=0.7281) lr=2.01e-04
iter 16900: loss=0.6254 (running=0.7217) lr=2.01e-04
iter 16910: loss=0.8898 (running=0.7221) lr=2.00e-04
iter 16920: loss=0.6950 (running=0.7227) lr=2.00e-04
iter 16930: loss=0.7475 (running=0.7213) lr=2.00e-04
iter 16940: loss=0.6482 (running=0.7221) lr=2.00e-04
iter 16950: loss=0.6652 (running=0.7235) lr=2.00e-04
iter 16960: loss=0.6662 (running=0.7216) lr=2.00e-04
iter 16970: loss=0.6858 (running=0.7275) lr=2.00e-04
iter 16980: loss=0.8624 (running=0.7326) lr=2.00e-04
iter 16990: loss=0.7527 (running=0.7362) lr=2.00e-04
[eval] iter 17000: train_loss=0.6655 val_loss=0.7275 lr=2.00e-04 elapsed=18555s
[sample] iter 17000:
------------------------------------------------------------
public class DuplicateKeyException extends RuntimeException {
    public DuplicateKeyException(String message) {
      super(message);
    }

    public DuplicateKeyException(String message, Throwable cause) {
      super(message, cause);
    }
  }

  /**
   * Thrown when the 
------------------------------------------------------------
iter 17000: loss=0.6553 (running=0.7299) lr=2.00e-04
iter 17010: loss=0.7807 (running=0.7284) lr=1.99e-04
iter 17020: loss=0.6472 (running=0.7239) lr=1.99e-04
iter 17030: loss=0.6643 (running=0.7218) lr=1.99e-04
iter 17040: loss=0.5721 (running=0.7204) lr=1.99e-04
iter 17050: loss=0.7704 (running=0.7207) lr=1.99e-04
iter 17060: loss=0.7171 (running=0.7250) lr=1.99e-04
iter 17070: loss=0.6384 (running=0.7236) lr=1.99e-04
iter 17080: loss=0.7057 (running=0.7270) lr=1.99e-04
iter 17090: loss=0.7625 (running=0.7234) lr=1.99e-04
iter 17100: loss=0.7612 (running=0.7347) lr=1.98e-04
iter 17110: loss=0.6697 (running=0.7291) lr=1.98e-04
iter 17120: loss=0.7345 (running=0.7237) lr=1.98e-04
iter 17130: loss=0.7482 (running=0.7215) lr=1.98e-04
iter 17140: loss=0.8020 (running=0.7241) lr=1.98e-04
iter 17150: loss=0.7463 (running=0.7287) lr=1.98e-04
iter 17160: loss=0.6176 (running=0.7203) lr=1.98e-04
iter 17170: loss=0.7539 (running=0.7131) lr=1.98e-04
iter 17180: loss=0.6568 (running=0.7135) lr=1.98e-04
iter 17190: loss=0.7609 (running=0.7206) lr=1.98e-04
iter 17200: loss=0.8180 (running=0.7175) lr=1.97e-04
iter 17210: loss=0.6155 (running=0.7179) lr=1.97e-04
iter 17220: loss=0.6796 (running=0.7232) lr=1.97e-04
iter 17230: loss=0.7923 (running=0.7201) lr=1.97e-04
iter 17240: loss=0.7910 (running=0.7225) lr=1.97e-04
iter 17250: loss=0.6782 (running=0.7167) lr=1.97e-04
iter 17260: loss=0.7241 (running=0.7175) lr=1.97e-04
iter 17270: loss=0.7383 (running=0.7256) lr=1.97e-04
iter 17280: loss=0.8005 (running=0.7236) lr=1.97e-04
iter 17290: loss=0.7887 (running=0.7241) lr=1.96e-04
iter 17300: loss=0.8242 (running=0.7276) lr=1.96e-04
iter 17310: loss=0.7523 (running=0.7272) lr=1.96e-04
iter 17320: loss=0.7719 (running=0.7305) lr=1.96e-04
iter 17330: loss=0.7795 (running=0.7309) lr=1.96e-04
iter 17340: loss=0.7566 (running=0.7255) lr=1.96e-04
iter 17350: loss=0.6702 (running=0.7211) lr=1.96e-04
iter 17360: loss=0.5831 (running=0.7226) lr=1.96e-04
iter 17370: loss=0.8003 (running=0.7209) lr=1.96e-04
iter 17380: loss=0.7206 (running=0.7337) lr=1.96e-04
iter 17390: loss=0.7221 (running=0.7414) lr=1.95e-04
iter 17400: loss=0.7622 (running=0.7309) lr=1.95e-04
iter 17410: loss=0.7131 (running=0.7294) lr=1.95e-04
iter 17420: loss=0.6375 (running=0.7271) lr=1.95e-04
iter 17430: loss=0.8075 (running=0.7263) lr=1.95e-04
iter 17440: loss=0.6565 (running=0.7213) lr=1.95e-04
iter 17450: loss=0.8823 (running=0.7204) lr=1.95e-04
iter 17460: loss=0.8589 (running=0.7216) lr=1.95e-04
iter 17470: loss=0.6088 (running=0.7191) lr=1.95e-04
iter 17480: loss=0.6701 (running=0.7176) lr=1.95e-04
iter 17490: loss=0.6816 (running=0.7170) lr=1.94e-04
[eval] iter 17500: train_loss=0.6548 val_loss=0.7030 lr=1.94e-04 elapsed=19094s
  saved checkpoint -> checkpoints/ckpt.pt (val_loss=0.7030)
iter 17500: loss=0.6808 (running=0.7226) lr=1.94e-04
iter 17510: loss=0.8135 (running=0.7273) lr=1.94e-04
iter 17520: loss=0.7124 (running=0.7252) lr=1.94e-04
iter 17530: loss=0.7162 (running=0.7192) lr=1.94e-04
iter 17540: loss=0.7196 (running=0.7217) lr=1.94e-04
iter 17550: loss=0.6377 (running=0.7191) lr=1.94e-04
iter 17560: loss=0.9059 (running=0.7244) lr=1.94e-04
iter 17570: loss=0.7278 (running=0.7259) lr=1.94e-04
iter 17580: loss=0.7164 (running=0.7273) lr=1.93e-04
iter 17590: loss=0.8011 (running=0.7322) lr=1.93e-04
iter 17600: loss=0.6635 (running=0.7304) lr=1.93e-04
iter 17610: loss=0.6961 (running=0.7268) lr=1.93e-04
iter 17620: loss=0.7615 (running=0.7299) lr=1.93e-04
iter 17630: loss=0.6415 (running=0.7251) lr=1.93e-04
iter 17640: loss=0.7234 (running=0.7310) lr=1.93e-04
iter 17650: loss=0.7927 (running=0.7272) lr=1.93e-04
iter 17660: loss=0.7329 (running=0.7254) lr=1.93e-04
iter 17670: loss=0.7128 (running=0.7218) lr=1.93e-04
iter 17680: loss=0.7273 (running=0.7262) lr=1.92e-04
iter 17690: loss=0.7766 (running=0.7270) lr=1.92e-04
iter 17700: loss=0.8316 (running=0.7256) lr=1.92e-04
iter 17710: loss=0.7286 (running=0.7223) lr=1.92e-04
iter 17720: loss=0.6557 (running=0.7249) lr=1.92e-04
iter 17730: loss=0.8051 (running=0.7327) lr=1.92e-04
iter 17740: loss=0.7612 (running=0.7346) lr=1.92e-04
iter 17750: loss=0.7260 (running=0.7394) lr=1.92e-04
iter 17760: loss=0.6542 (running=0.7308) lr=1.92e-04
iter 17770: loss=0.8624 (running=0.7369) lr=1.91e-04
iter 17780: loss=0.6687 (running=0.7332) lr=1.91e-04
iter 17790: loss=0.7869 (running=0.7383) lr=1.91e-04
iter 17800: loss=0.7268 (running=0.7345) lr=1.91e-04
iter 17810: loss=0.7895 (running=0.7329) lr=1.91e-04
iter 17820: loss=0.6988 (running=0.7291) lr=1.91e-04
iter 17830: loss=0.6547 (running=0.7330) lr=1.91e-04
iter 17840: loss=0.6847 (running=0.7296) lr=1.91e-04
iter 17850: loss=0.8307 (running=0.7311) lr=1.91e-04
iter 17860: loss=0.6897 (running=0.7353) lr=1.91e-04
iter 17870: loss=0.7958 (running=0.7291) lr=1.90e-04
iter 17880: loss=0.6604 (running=0.7248) lr=1.90e-04
iter 17890: loss=0.7411 (running=0.7256) lr=1.90e-04
iter 17900: loss=0.7472 (running=0.7307) lr=1.90e-04
iter 17910: loss=0.6687 (running=0.7221) lr=1.90e-04
iter 17920: loss=0.7043 (running=0.7233) lr=1.90e-04
iter 17930: loss=0.7225 (running=0.7206) lr=1.90e-04
iter 17940: loss=0.7483 (running=0.7132) lr=1.90e-04
iter 17950: loss=0.5949 (running=0.7140) lr=1.90e-04
iter 17960: loss=0.7465 (running=0.7162) lr=1.89e-04
iter 17970: loss=0.7361 (running=0.7195) lr=1.89e-04
iter 17980: loss=0.8231 (running=0.7185) lr=1.89e-04
iter 17990: loss=0.6767 (running=0.7139) lr=1.89e-04
[eval] iter 18000: train_loss=0.6555 val_loss=0.7176 lr=1.89e-04 elapsed=19632s
[sample] iter 18000:
------------------------------------------------------------
public class Test {

    private static final int MAX_TESTS = 10000;

    private static final int RESERVED_TESTS = 10000;

    private static final String SHORT_DIGITS[] = {
        "1234567890", "1234567890",
------------------------------------------------------------
iter 18000: loss=0.6769 (running=0.7148) lr=1.89e-04
iter 18010: loss=0.7315 (running=0.7122) lr=1.89e-04
iter 18020: loss=0.7337 (running=0.7147) lr=1.89e-04
iter 18030: loss=0.6143 (running=0.7127) lr=1.89e-04
iter 18040: loss=0.7965 (running=0.7069) lr=1.89e-04
iter 18050: loss=0.7783 (running=0.7048) lr=1.89e-04
iter 18060: loss=0.7122 (running=0.7034) lr=1.88e-04
iter 18070: loss=0.6807 (running=0.7032) lr=1.88e-04
iter 18080: loss=0.6477 (running=0.7002) lr=1.88e-04
iter 18090: loss=0.6826 (running=0.7001) lr=1.88e-04
iter 18100: loss=0.7127 (running=0.7067) lr=1.88e-04
iter 18110: loss=0.8239 (running=0.7147) lr=1.88e-04
iter 18120: loss=0.7431 (running=0.7085) lr=1.88e-04
iter 18130: loss=0.7055 (running=0.7058) lr=1.88e-04
iter 18140: loss=0.7669 (running=0.7155) lr=1.88e-04
iter 18150: loss=0.8251 (running=0.7265) lr=1.87e-04
iter 18160: loss=0.6929 (running=0.7254) lr=1.87e-04
iter 18170: loss=0.7290 (running=0.7248) lr=1.87e-04
iter 18180: loss=0.6898 (running=0.7223) lr=1.87e-04
iter 18190: loss=0.7042 (running=0.7207) lr=1.87e-04
iter 18200: loss=0.8213 (running=0.7233) lr=1.87e-04
iter 18210: loss=0.5937 (running=0.7209) lr=1.87e-04
iter 18220: loss=0.7007 (running=0.7215) lr=1.87e-04
iter 18230: loss=0.6980 (running=0.7178) lr=1.87e-04
iter 18240: loss=0.8022 (running=0.7134) lr=1.86e-04
iter 18250: loss=0.6943 (running=0.7125) lr=1.86e-04
iter 18260: loss=0.6057 (running=0.7170) lr=1.86e-04
iter 18270: loss=0.7691 (running=0.7210) lr=1.86e-04
iter 18280: loss=0.7565 (running=0.7199) lr=1.86e-04
iter 18290: loss=0.8171 (running=0.7273) lr=1.86e-04
iter 18300: loss=0.6398 (running=0.7210) lr=1.86e-04
iter 18310: loss=0.6693 (running=0.7154) lr=1.86e-04
iter 18320: loss=0.8173 (running=0.7220) lr=1.86e-04
iter 18330: loss=0.7788 (running=0.7288) lr=1.86e-04
iter 18340: loss=0.7828 (running=0.7254) lr=1.85e-04
iter 18350: loss=0.7507 (running=0.7183) lr=1.85e-04
iter 18360: loss=0.8040 (running=0.7215) lr=1.85e-04
iter 18370: loss=0.7824 (running=0.7211) lr=1.85e-04
iter 18380: loss=0.7542 (running=0.7151) lr=1.85e-04
iter 18390: loss=0.6758 (running=0.7132) lr=1.85e-04
iter 18400: loss=0.7434 (running=0.7083) lr=1.85e-04
iter 18410: loss=0.7412 (running=0.7048) lr=1.85e-04
iter 18420: loss=0.6992 (running=0.7064) lr=1.85e-04
iter 18430: loss=0.7672 (running=0.7037) lr=1.84e-04
iter 18440: loss=0.6650 (running=0.7041) lr=1.84e-04
iter 18450: loss=0.7733 (running=0.7071) lr=1.84e-04
iter 18460: loss=0.7935 (running=0.7112) lr=1.84e-04
iter 18470: loss=0.8392 (running=0.7071) lr=1.84e-04
iter 18480: loss=0.6966 (running=0.7070) lr=1.84e-04
iter 18490: loss=0.7874 (running=0.7172) lr=1.84e-04
[eval] iter 18500: train_loss=0.6507 val_loss=0.7062 lr=1.84e-04 elapsed=20166s
iter 18500: loss=0.7288 (running=0.7195) lr=1.84e-04
iter 18510: loss=0.6959 (running=0.7154) lr=1.84e-04
iter 18520: loss=0.7581 (running=0.7143) lr=1.84e-04
iter 18530: loss=0.7164 (running=0.7107) lr=1.83e-04
iter 18540: loss=0.8189 (running=0.7111) lr=1.83e-04
iter 18550: loss=0.7339 (running=0.7069) lr=1.83e-04
iter 18560: loss=0.6050 (running=0.7082) lr=1.83e-04
iter 18570: loss=0.6063 (running=0.7101) lr=1.83e-04
iter 18580: loss=0.5908 (running=0.7084) lr=1.83e-04
iter 18590: loss=0.7234 (running=0.7104) lr=1.83e-04
iter 18600: loss=0.6927 (running=0.7091) lr=1.83e-04
iter 18610: loss=0.6253 (running=0.7131) lr=1.83e-04
iter 18620: loss=0.6756 (running=0.7114) lr=1.82e-04
iter 18630: loss=0.7777 (running=0.7188) lr=1.82e-04
iter 18640: loss=0.8107 (running=0.7259) lr=1.82e-04
iter 18650: loss=0.6310 (running=0.7267) lr=1.82e-04
iter 18660: loss=0.6914 (running=0.7262) lr=1.82e-04
iter 18670: loss=0.6968 (running=0.7314) lr=1.82e-04
iter 18680: loss=0.6824 (running=0.7268) lr=1.82e-04
iter 18690: loss=0.6174 (running=0.7280) lr=1.82e-04
iter 18700: loss=0.8198 (running=0.7284) lr=1.82e-04
iter 18710: loss=0.7510 (running=0.7233) lr=1.81e-04
iter 18720: loss=0.6611 (running=0.7275) lr=1.81e-04
iter 18730: loss=0.6460 (running=0.7335) lr=1.81e-04
iter 18740: loss=0.7437 (running=0.7345) lr=1.81e-04
iter 18750: loss=0.7410 (running=0.7355) lr=1.81e-04
iter 18760: loss=0.7305 (running=0.7306) lr=1.81e-04
iter 18770: loss=0.6989 (running=0.7328) lr=1.81e-04
iter 18780: loss=0.6372 (running=0.7205) lr=1.81e-04
iter 18790: loss=0.6299 (running=0.7182) lr=1.81e-04
iter 18800: loss=0.6859 (running=0.7141) lr=1.81e-04
iter 18810: loss=0.6963 (running=0.7136) lr=1.80e-04
iter 18820: loss=0.5904 (running=0.7076) lr=1.80e-04
iter 18830: loss=0.6623 (running=0.7122) lr=1.80e-04
iter 18840: loss=0.7906 (running=0.7109) lr=1.80e-04
iter 18850: loss=0.6963 (running=0.7091) lr=1.80e-04
iter 18860: loss=0.6669 (running=0.7086) lr=1.80e-04
iter 18870: loss=0.7314 (running=0.7108) lr=1.80e-04
iter 18880: loss=0.7039 (running=0.7117) lr=1.80e-04
iter 18890: loss=0.8052 (running=0.7122) lr=1.80e-04
iter 18900: loss=0.7140 (running=0.7127) lr=1.79e-04
iter 18910: loss=0.7123 (running=0.7132) lr=1.79e-04
iter 18920: loss=0.6879 (running=0.7091) lr=1.79e-04
iter 18930: loss=0.7022 (running=0.7123) lr=1.79e-04
iter 18940: loss=0.6938 (running=0.7115) lr=1.79e-04
iter 18950: loss=0.6380 (running=0.7144) lr=1.79e-04
iter 18960: loss=0.6632 (running=0.7080) lr=1.79e-04
iter 18970: loss=0.7512 (running=0.7074) lr=1.79e-04
iter 18980: loss=0.8109 (running=0.7110) lr=1.79e-04
iter 18990: loss=0.6383 (running=0.7073) lr=1.79e-04
[eval] iter 19000: train_loss=0.6467 val_loss=0.7015 lr=1.78e-04 elapsed=20699s
  saved checkpoint -> checkpoints/ckpt.pt (val_loss=0.7015)
[sample] iter 19000:
------------------------------------------------------------
public class BasicTabularType extends TabularType {
    public static final String OBJECT_NAME = ObjectName.getInstance("ObjectName.Name");
    public static final String VALUE_NAME = ObjectName.getInstance("value");

    public static void main(String[] 
------------------------------------------------------------
iter 19000: loss=0.6961 (running=0.7125) lr=1.78e-04
iter 19010: loss=0.6655 (running=0.7074) lr=1.78e-04
iter 19020: loss=0.7425 (running=0.7157) lr=1.78e-04
iter 19030: loss=0.7385 (running=0.7106) lr=1.78e-04
iter 19040: loss=0.7004 (running=0.7096) lr=1.78e-04
iter 19050: loss=0.6291 (running=0.7156) lr=1.78e-04
iter 19060: loss=0.6191 (running=0.7174) lr=1.78e-04
iter 19070: loss=0.8499 (running=0.7193) lr=1.78e-04
iter 19080: loss=0.7592 (running=0.7189) lr=1.78e-04
iter 19090: loss=0.7754 (running=0.7241) lr=1.77e-04
iter 19100: loss=0.6231 (running=0.7168) lr=1.77e-04
iter 19110: loss=0.6742 (running=0.7097) lr=1.77e-04
iter 19120: loss=0.7068 (running=0.7082) lr=1.77e-04
iter 19130: loss=0.7429 (running=0.7102) lr=1.77e-04
iter 19140: loss=0.9093 (running=0.7106) lr=1.77e-04
iter 19150: loss=0.6175 (running=0.7063) lr=1.77e-04
iter 19160: loss=0.7339 (running=0.7035) lr=1.77e-04
iter 19170: loss=0.7617 (running=0.7050) lr=1.77e-04
iter 19180: loss=0.7840 (running=0.7168) lr=1.76e-04
iter 19190: loss=0.6678 (running=0.7191) lr=1.76e-04
iter 19200: loss=0.6125 (running=0.7153) lr=1.76e-04
iter 19210: loss=0.7020 (running=0.7055) lr=1.76e-04
iter 19220: loss=0.7143 (running=0.6998) lr=1.76e-04
iter 19230: loss=0.8336 (running=0.7064) lr=1.76e-04
iter 19240: loss=0.6723 (running=0.7060) lr=1.76e-04
iter 19250: loss=0.7121 (running=0.7086) lr=1.76e-04
iter 19260: loss=0.6387 (running=0.7006) lr=1.76e-04
iter 19270: loss=0.6571 (running=0.7038) lr=1.76e-04
iter 19280: loss=0.6677 (running=0.7029) lr=1.75e-04
iter 19290: loss=0.6819 (running=0.6934) lr=1.75e-04
iter 19300: loss=0.7282 (running=0.6966) lr=1.75e-04
iter 19310: loss=0.7080 (running=0.6997) lr=1.75e-04
iter 19320: loss=0.7564 (running=0.6966) lr=1.75e-04
iter 19330: loss=0.6731 (running=0.6978) lr=1.75e-04
iter 19340: loss=0.6717 (running=0.6918) lr=1.75e-04
iter 19350: loss=0.6830 (running=0.6925) lr=1.75e-04
iter 19360: loss=0.6024 (running=0.6914) lr=1.75e-04
iter 19370: loss=0.6642 (running=0.6874) lr=1.74e-04
iter 19380: loss=0.7048 (running=0.6898) lr=1.74e-04
iter 19390: loss=0.6623 (running=0.6887) lr=1.74e-04
iter 19400: loss=0.7755 (running=0.6955) lr=1.74e-04
iter 19410: loss=0.6720 (running=0.6914) lr=1.74e-04
iter 19420: loss=0.6689 (running=0.6917) lr=1.74e-04
iter 19430: loss=0.8073 (running=0.6989) lr=1.74e-04
iter 19440: loss=0.6105 (running=0.6979) lr=1.74e-04
iter 19450: loss=0.6159 (running=0.6936) lr=1.74e-04
iter 19460: loss=0.6891 (running=0.6909) lr=1.73e-04
iter 19470: loss=0.7435 (running=0.6962) lr=1.73e-04
iter 19480: loss=0.8371 (running=0.6985) lr=1.73e-04
iter 19490: loss=0.5841 (running=0.6932) lr=1.73e-04
[eval] iter 19500: train_loss=0.6404 val_loss=0.7038 lr=1.73e-04 elapsed=21237s
iter 19500: loss=0.6427 (running=0.6952) lr=1.73e-04
iter 19510: loss=0.7656 (running=0.6928) lr=1.73e-04
iter 19520: loss=0.6406 (running=0.6990) lr=1.73e-04
iter 19530: loss=0.8719 (running=0.7046) lr=1.73e-04
iter 19540: loss=0.6819 (running=0.7005) lr=1.73e-04
iter 19550: loss=0.7194 (running=0.7036) lr=1.73e-04
iter 19560: loss=0.6691 (running=0.7007) lr=1.72e-04
iter 19570: loss=0.6576 (running=0.6979) lr=1.72e-04
iter 19580: loss=0.6408 (running=0.6969) lr=1.72e-04
iter 19590: loss=0.8454 (running=0.7009) lr=1.72e-04
iter 19600: loss=0.7070 (running=0.7058) lr=1.72e-04
iter 19610: loss=0.8154 (running=0.7025) lr=1.72e-04
iter 19620: loss=0.6641 (running=0.6973) lr=1.72e-04
iter 19630: loss=0.7511 (running=0.7057) lr=1.72e-04
iter 19640: loss=0.5867 (running=0.7077) lr=1.72e-04
iter 19650: loss=0.7248 (running=0.7056) lr=1.71e-04
iter 19660: loss=0.6877 (running=0.7018) lr=1.71e-04
iter 19670: loss=0.7092 (running=0.7036) lr=1.71e-04
iter 19680: loss=0.6927 (running=0.7004) lr=1.71e-04
iter 19690: loss=0.7615 (running=0.6966) lr=1.71e-04
iter 19700: loss=0.6268 (running=0.6947) lr=1.71e-04
iter 19710: loss=0.6961 (running=0.6937) lr=1.71e-04
iter 19720: loss=0.6783 (running=0.6944) lr=1.71e-04
iter 19730: loss=0.7525 (running=0.6988) lr=1.71e-04
iter 19740: loss=0.7710 (running=0.6991) lr=1.70e-04
iter 19750: loss=0.7227 (running=0.6964) lr=1.70e-04
iter 19760: loss=0.6624 (running=0.6962) lr=1.70e-04
iter 19770: loss=0.6421 (running=0.6936) lr=1.70e-04
iter 19780: loss=0.6797 (running=0.7004) lr=1.70e-04
iter 19790: loss=0.6138 (running=0.6928) lr=1.70e-04
iter 19800: loss=0.7927 (running=0.7035) lr=1.70e-04
iter 19810: loss=0.7297 (running=0.6998) lr=1.70e-04
iter 19820: loss=0.5698 (running=0.6960) lr=1.70e-04
iter 19830: loss=0.6836 (running=0.6880) lr=1.70e-04
iter 19840: loss=0.6188 (running=0.6910) lr=1.69e-04
iter 19850: loss=0.6196 (running=0.6892) lr=1.69e-04
iter 19860: loss=0.6344 (running=0.6861) lr=1.69e-04
iter 19870: loss=0.6816 (running=0.6869) lr=1.69e-04
iter 19880: loss=0.5836 (running=0.6845) lr=1.69e-04
iter 19890: loss=0.5519 (running=0.6836) lr=1.69e-04
iter 19900: loss=0.8057 (running=0.6870) lr=1.69e-04
iter 19910: loss=0.6994 (running=0.6908) lr=1.69e-04
iter 19920: loss=0.7532 (running=0.6847) lr=1.69e-04
iter 19930: loss=0.6929 (running=0.6836) lr=1.68e-04
iter 19940: loss=0.6905 (running=0.6867) lr=1.68e-04
iter 19950: loss=0.6622 (running=0.6922) lr=1.68e-04
iter 19960: loss=0.6410 (running=0.6924) lr=1.68e-04
iter 19970: loss=0.6516 (running=0.6985) lr=1.68e-04
iter 19980: loss=0.6921 (running=0.6957) lr=1.68e-04
iter 19990: loss=0.6302 (running=0.6895) lr=1.68e-04
[eval] iter 20000: train_loss=0.6362 val_loss=0.6997 lr=1.68e-04 elapsed=21769s
  saved checkpoint -> checkpoints/ckpt.pt (val_loss=0.6997)
[sample] iter 20000:
------------------------------------------------------------
public class B extends A {}
@Target({ElementType.TYPE_USE, ElementType.TYPE_PARAMETER})
@interface A { }


package com.baeldung.spring.jdbc.template.guide;

import org.junit.Test;
import org.junit.runner.RunWith;
import org.
------------------------------------------------------------
iter 20000: loss=0.7020 (running=0.6947) lr=1.68e-04
iter 20010: loss=0.6268 (running=0.6999) lr=1.68e-04
iter 20020: loss=0.6299 (running=0.6981) lr=1.67e-04
iter 20030: loss=0.7021 (running=0.6996) lr=1.67e-04
iter 20040: loss=0.7887 (running=0.6966) lr=1.67e-04
iter 20050: loss=0.7432 (running=0.6983) lr=1.67e-04
iter 20060: loss=0.6819 (running=0.6976) lr=1.67e-04
iter 20070: loss=0.7546 (running=0.6972) lr=1.67e-04
iter 20080: loss=0.6830 (running=0.6991) lr=1.67e-04
iter 20090: loss=0.5973 (running=0.6936) lr=1.67e-04
iter 20100: loss=0.6742 (running=0.6926) lr=1.67e-04
iter 20110: loss=0.6276 (running=0.6919) lr=1.67e-04
iter 20120: loss=0.6583 (running=0.7018) lr=1.66e-04
iter 20130: loss=0.7586 (running=0.7040) lr=1.66e-04
iter 20140: loss=0.7904 (running=0.7014) lr=1.66e-04
iter 20150: loss=0.8095 (running=0.7016) lr=1.66e-04
iter 20160: loss=0.7341 (running=0.7035) lr=1.66e-04
iter 20170: loss=0.6386 (running=0.6934) lr=1.66e-04
iter 20180: loss=0.6790 (running=0.6951) lr=1.66e-04
iter 20190: loss=0.7963 (running=0.6906) lr=1.66e-04
iter 20200: loss=0.7490 (running=0.6918) lr=1.66e-04
iter 20210: loss=0.7471 (running=0.6929) lr=1.65e-04
iter 20220: loss=0.6516 (running=0.6920) lr=1.65e-04
iter 20230: loss=0.6548 (running=0.6968) lr=1.65e-04
iter 20240: loss=0.5599 (running=0.6915) lr=1.65e-04
iter 20250: loss=0.6575 (running=0.6902) lr=1.65e-04
iter 20260: loss=0.7175 (running=0.6942) lr=1.65e-04
iter 20270: loss=0.9186 (running=0.6978) lr=1.65e-04
iter 20280: loss=0.6949 (running=0.6916) lr=1.65e-04
iter 20290: loss=0.6963 (running=0.6885) lr=1.65e-04
iter 20300: loss=0.7816 (running=0.6900) lr=1.64e-04
iter 20310: loss=0.7743 (running=0.6939) lr=1.64e-04
iter 20320: loss=0.6447 (running=0.6929) lr=1.64e-04
iter 20330: loss=0.6814 (running=0.6878) lr=1.64e-04
iter 20340: loss=0.8436 (running=0.6881) lr=1.64e-04
iter 20350: loss=0.6723 (running=0.6875) lr=1.64e-04
iter 20360: loss=0.7419 (running=0.6935) lr=1.64e-04
iter 20370: loss=0.7013 (running=0.6941) lr=1.64e-04
iter 20380: loss=0.7132 (running=0.6984) lr=1.64e-04
iter 20390: loss=0.6670 (running=0.6948) lr=1.63e-04
iter 20400: loss=0.6804 (running=0.6923) lr=1.63e-04
iter 20410: loss=0.7284 (running=0.6927) lr=1.63e-04
iter 20420: loss=0.6228 (running=0.6887) lr=1.63e-04
iter 20430: loss=0.6941 (running=0.6895) lr=1.63e-04
iter 20440: loss=0.8337 (running=0.6974) lr=1.63e-04
iter 20450: loss=0.7828 (running=0.6942) lr=1.63e-04
iter 20460: loss=0.5307 (running=0.6885) lr=1.63e-04
iter 20470: loss=0.7544 (running=0.6890) lr=1.63e-04
iter 20480: loss=0.7451 (running=0.6938) lr=1.63e-04
iter 20490: loss=0.6651 (running=0.6892) lr=1.62e-04
[eval] iter 20500: train_loss=0.6218 val_loss=0.6855 lr=1.62e-04 elapsed=22307s
  saved checkpoint -> checkpoints/ckpt.pt (val_loss=0.6855)
iter 20500: loss=0.6130 (running=0.6881) lr=1.62e-04
iter 20510: loss=0.6525 (running=0.6892) lr=1.62e-04
iter 20520: loss=0.8293 (running=0.6937) lr=1.62e-04
iter 20530: loss=0.5964 (running=0.6989) lr=1.62e-04
iter 20540: loss=0.8939 (running=0.7039) lr=1.62e-04
iter 20550: loss=0.6142 (running=0.7026) lr=1.62e-04
iter 20560: loss=0.7452 (running=0.7036) lr=1.62e-04
iter 20570: loss=0.6802 (running=0.7069) lr=1.62e-04
iter 20580: loss=0.7283 (running=0.7049) lr=1.61e-04
iter 20590: loss=0.7693 (running=0.6981) lr=1.61e-04
iter 20600: loss=0.6918 (running=0.6960) lr=1.61e-04
iter 20610: loss=0.7836 (running=0.6997) lr=1.61e-04
iter 20620: loss=0.7623 (running=0.7052) lr=1.61e-04
iter 20630: loss=0.8473 (running=0.7101) lr=1.61e-04
iter 20640: loss=0.6498 (running=0.7095) lr=1.61e-04
iter 20650: loss=0.7633 (running=0.7012) lr=1.61e-04
iter 20660: loss=0.8135 (running=0.6946) lr=1.61e-04
iter 20670: loss=0.6406 (running=0.6917) lr=1.60e-04
iter 20680: loss=0.7715 (running=0.6877) lr=1.60e-04
iter 20690: loss=0.5973 (running=0.6929) lr=1.60e-04
iter 20700: loss=0.8278 (running=0.6999) lr=1.60e-04
iter 20710: loss=0.7698 (running=0.6963) lr=1.60e-04
iter 20720: loss=0.5697 (running=0.6937) lr=1.60e-04
iter 20730: loss=0.7364 (running=0.6931) lr=1.60e-04
iter 20740: loss=0.6568 (running=0.6903) lr=1.60e-04
iter 20750: loss=0.6489 (running=0.6878) lr=1.60e-04
iter 20760: loss=0.7767 (running=0.6863) lr=1.60e-04
iter 20770: loss=0.7800 (running=0.6879) lr=1.59e-04
iter 20780: loss=0.7269 (running=0.6899) lr=1.59e-04
iter 20790: loss=0.6298 (running=0.6876) lr=1.59e-04
iter 20800: loss=0.6874 (running=0.6900) lr=1.59e-04
iter 20810: loss=0.6384 (running=0.6872) lr=1.59e-04
iter 20820: loss=0.7355 (running=0.6868) lr=1.59e-04
iter 20830: loss=0.6263 (running=0.6803) lr=1.59e-04
iter 20840: loss=0.6524 (running=0.6781) lr=1.59e-04
iter 20850: loss=0.6512 (running=0.6817) lr=1.59e-04
iter 20860: loss=0.7289 (running=0.6859) lr=1.58e-04
iter 20870: loss=0.7012 (running=0.6838) lr=1.58e-04
iter 20880: loss=0.6626 (running=0.6900) lr=1.58e-04
iter 20890: loss=0.6901 (running=0.6854) lr=1.58e-04
iter 20900: loss=0.6351 (running=0.6857) lr=1.58e-04
iter 20910: loss=0.6763 (running=0.6904) lr=1.58e-04
iter 20920: loss=0.5929 (running=0.6908) lr=1.58e-04
iter 20930: loss=0.6225 (running=0.6925) lr=1.58e-04
iter 20940: loss=0.6899 (running=0.6868) lr=1.58e-04
iter 20950: loss=0.5500 (running=0.6825) lr=1.57e-04
iter 20960: loss=0.7486 (running=0.6767) lr=1.57e-04
iter 20970: loss=0.7217 (running=0.6806) lr=1.57e-04
iter 20980: loss=0.5427 (running=0.6787) lr=1.57e-04
iter 20990: loss=0.5829 (running=0.6745) lr=1.57e-04
[eval] iter 21000: train_loss=0.6216 val_loss=0.6929 lr=1.57e-04 elapsed=22839s
[sample] iter 21000:
------------------------------------------------------------
public class Test550321 {
    private final static String KEY1 = "sevenalaBaeldung";
    private final static String VALUE1 = "sevenalaBaeldung";

    private static final String KEY = "sevenalaBaeldung"
------------------------------------------------------------
iter 21000: loss=0.6914 (running=0.6741) lr=1.57e-04
iter 21010: loss=0.6893 (running=0.6756) lr=1.57e-04
iter 21020: loss=0.8336 (running=0.6835) lr=1.57e-04
iter 21030: loss=0.6917 (running=0.6860) lr=1.57e-04
iter 21040: loss=0.6476 (running=0.6906) lr=1.57e-04
iter 21050: loss=0.6793 (running=0.6975) lr=1.56e-04
iter 21060: loss=0.6888 (running=0.6929) lr=1.56e-04
iter 21070: loss=0.5514 (running=0.6963) lr=1.56e-04
iter 21080: loss=0.7472 (running=0.6975) lr=1.56e-04
iter 21090: loss=0.7574 (running=0.6938) lr=1.56e-04
iter 21100: loss=0.8775 (running=0.6945) lr=1.56e-04
iter 21110: loss=0.6450 (running=0.7002) lr=1.56e-04
iter 21120: loss=0.6764 (running=0.6971) lr=1.56e-04
iter 21130: loss=0.6138 (running=0.6927) lr=1.56e-04
iter 21140: loss=0.7657 (running=0.6897) lr=1.55e-04
iter 21150: loss=0.6893 (running=0.6897) lr=1.55e-04
iter 21160: loss=0.6822 (running=0.6880) lr=1.55e-04
iter 21170: loss=0.7018 (running=0.6887) lr=1.55e-04
iter 21180: loss=0.6922 (running=0.6887) lr=1.55e-04
iter 21190: loss=0.6767 (running=0.6844) lr=1.55e-04
iter 21200: loss=0.7464 (running=0.6928) lr=1.55e-04
iter 21210: loss=0.6473 (running=0.6971) lr=1.55e-04
iter 21220: loss=0.6539 (running=0.6876) lr=1.55e-04
iter 21230: loss=0.6587 (running=0.6875) lr=1.54e-04
iter 21240: loss=0.6832 (running=0.6966) lr=1.54e-04
iter 21250: loss=0.5793 (running=0.6936) lr=1.54e-04
iter 21260: loss=0.6932 (running=0.6857) lr=1.54e-04
iter 21270: loss=0.5855 (running=0.6858) lr=1.54e-04
iter 21280: loss=0.5646 (running=0.6776) lr=1.54e-04
iter 21290: loss=0.6877 (running=0.6823) lr=1.54e-04
iter 21300: loss=0.8525 (running=0.6784) lr=1.54e-04
iter 21310: loss=0.6852 (running=0.6756) lr=1.54e-04
iter 21320: loss=0.6363 (running=0.6730) lr=1.54e-04
iter 21330: loss=0.6923 (running=0.6784) lr=1.53e-04
iter 21340: loss=0.6512 (running=0.6824) lr=1.53e-04
iter 21350: loss=0.8097 (running=0.6909) lr=1.53e-04
iter 21360: loss=0.6043 (running=0.6980) lr=1.53e-04
iter 21370: loss=0.6967 (running=0.6969) lr=1.53e-04
iter 21380: loss=0.7240 (running=0.6958) lr=1.53e-04
iter 21390: loss=0.4822 (running=0.6934) lr=1.53e-04
iter 21400: loss=0.8373 (running=0.6979) lr=1.53e-04
iter 21410: loss=0.5585 (running=0.6981) lr=1.53e-04
iter 21420: loss=0.6547 (running=0.6931) lr=1.52e-04
iter 21430: loss=0.6025 (running=0.6876) lr=1.52e-04
iter 21440: loss=0.6045 (running=0.6827) lr=1.52e-04
iter 21450: loss=0.6473 (running=0.6829) lr=1.52e-04
iter 21460: loss=0.7046 (running=0.6832) lr=1.52e-04
iter 21470: loss=0.7158 (running=0.6839) lr=1.52e-04
iter 21480: loss=0.7052 (running=0.6859) lr=1.52e-04
iter 21490: loss=0.6970 (running=0.6850) lr=1.52e-04
[eval] iter 21500: train_loss=0.6178 val_loss=0.6694 lr=1.52e-04 elapsed=23371s
  saved checkpoint -> checkpoints/ckpt.pt (val_loss=0.6694)
iter 21500: loss=0.6495 (running=0.6908) lr=1.52e-04
iter 21510: loss=0.7415 (running=0.6920) lr=1.51e-04
iter 21520: loss=0.6250 (running=0.6928) lr=1.51e-04
iter 21530: loss=0.6851 (running=0.6937) lr=1.51e-04
iter 21540: loss=0.6747 (running=0.6957) lr=1.51e-04
iter 21550: loss=0.5179 (running=0.6885) lr=1.51e-04
iter 21560: loss=0.7494 (running=0.6928) lr=1.51e-04
iter 21570: loss=0.6675 (running=0.6949) lr=1.51e-04
iter 21580: loss=0.8659 (running=0.6908) lr=1.51e-04
iter 21590: loss=0.8108 (running=0.6947) lr=1.51e-04
iter 21600: loss=0.7081 (running=0.6897) lr=1.51e-04
iter 21610: loss=0.7029 (running=0.6909) lr=1.50e-04
iter 21620: loss=0.7371 (running=0.6913) lr=1.50e-04
iter 21630: loss=0.6712 (running=0.6889) lr=1.50e-04
iter 21640: loss=0.6549 (running=0.6838) lr=1.50e-04
iter 21650: loss=0.7577 (running=0.6836) lr=1.50e-04
iter 21660: loss=0.6346 (running=0.6867) lr=1.50e-04
iter 21670: loss=0.6721 (running=0.6922) lr=1.50e-04
iter 21680: loss=0.6186 (running=0.6828) lr=1.50e-04
iter 21690: loss=0.8459 (running=0.6813) lr=1.50e-04
iter 21700: loss=0.6314 (running=0.6807) lr=1.49e-04
iter 21710: loss=0.6487 (running=0.6795) lr=1.49e-04
iter 21720: loss=0.5729 (running=0.6758) lr=1.49e-04
iter 21730: loss=0.6021 (running=0.6800) lr=1.49e-04
iter 21740: loss=0.6637 (running=0.6824) lr=1.49e-04
iter 21750: loss=0.7038 (running=0.6781) lr=1.49e-04
iter 21760: loss=0.7141 (running=0.6817) lr=1.49e-04
iter 21770: loss=0.6576 (running=0.6749) lr=1.49e-04
iter 21780: loss=0.6203 (running=0.6715) lr=1.49e-04
iter 21790: loss=0.7279 (running=0.6799) lr=1.49e-04
iter 21800: loss=0.7175 (running=0.6895) lr=1.48e-04
iter 21810: loss=0.6554 (running=0.6864) lr=1.48e-04
iter 21820: loss=0.6764 (running=0.6867) lr=1.48e-04
iter 21830: loss=0.6164 (running=0.6859) lr=1.48e-04
iter 21840: loss=0.7557 (running=0.6932) lr=1.48e-04
iter 21850: loss=0.7217 (running=0.6891) lr=1.48e-04
iter 21860: loss=0.5647 (running=0.6929) lr=1.48e-04
iter 21870: loss=0.6460 (running=0.6918) lr=1.48e-04
iter 21880: loss=0.6459 (running=0.6836) lr=1.48e-04
iter 21890: loss=0.6620 (running=0.6860) lr=1.47e-04
iter 21900: loss=0.6251 (running=0.6878) lr=1.47e-04
iter 21910: loss=0.6099 (running=0.6891) lr=1.47e-04
iter 21920: loss=0.7407 (running=0.6933) lr=1.47e-04
iter 21930: loss=0.6742 (running=0.6903) lr=1.47e-04
iter 21940: loss=0.6247 (running=0.6825) lr=1.47e-04
iter 21950: loss=0.7577 (running=0.6791) lr=1.47e-04
iter 21960: loss=0.5726 (running=0.6765) lr=1.47e-04
iter 21970: loss=0.8720 (running=0.6720) lr=1.47e-04
iter 21980: loss=0.5747 (running=0.6743) lr=1.46e-04
iter 21990: loss=0.8179 (running=0.6745) lr=1.46e-04
[eval] iter 22000: train_loss=0.6173 val_loss=0.6756 lr=1.46e-04 elapsed=23903s
[sample] iter 22000:
------------------------------------------------------------
public class BrownModelSource extends AbstractTableModel {
    public final SampleModel sampleModel;
    public final int w;
    public final int h;
    public final int v;
    public final Object data;

    public BrownModelSource(SampleModel sampleModel
------------------------------------------------------------
iter 22000: loss=0.6031 (running=0.6695) lr=1.46e-04
iter 22010: loss=0.6210 (running=0.6640) lr=1.46e-04
iter 22020: loss=0.7401 (running=0.6674) lr=1.46e-04
iter 22030: loss=0.7527 (running=0.6680) lr=1.46e-04
iter 22040: loss=0.7811 (running=0.6762) lr=1.46e-04
iter 22050: loss=0.6764 (running=0.6721) lr=1.46e-04
iter 22060: loss=0.5844 (running=0.6721) lr=1.46e-04
iter 22070: loss=0.6372 (running=0.6736) lr=1.46e-04
iter 22080: loss=0.6881 (running=0.6797) lr=1.45e-04
iter 22090: loss=0.7127 (running=0.6850) lr=1.45e-04
iter 22100: loss=0.6787 (running=0.6863) lr=1.45e-04
iter 22110: loss=0.6815 (running=0.6801) lr=1.45e-04
iter 22120: loss=0.6166 (running=0.6788) lr=1.45e-04
iter 22130: loss=0.6883 (running=0.6772) lr=1.45e-04
iter 22140: loss=0.7774 (running=0.6778) lr=1.45e-04
iter 22150: loss=0.7919 (running=0.6847) lr=1.45e-04
iter 22160: loss=0.6395 (running=0.6808) lr=1.45e-04
iter 22170: loss=0.6948 (running=0.6712) lr=1.44e-04
iter 22180: loss=0.7352 (running=0.6727) lr=1.44e-04
iter 22190: loss=0.5518 (running=0.6748) lr=1.44e-04
iter 22200: loss=0.6794 (running=0.6782) lr=1.44e-04
iter 22210: loss=0.6886 (running=0.6768) lr=1.44e-04
iter 22220: loss=0.6667 (running=0.6694) lr=1.44e-04
iter 22230: loss=0.7070 (running=0.6769) lr=1.44e-04
iter 22240: loss=0.6886 (running=0.6717) lr=1.44e-04
iter 22250: loss=0.6012 (running=0.6684) lr=1.44e-04
iter 22260: loss=0.5670 (running=0.6695) lr=1.44e-04
iter 22270: loss=0.7156 (running=0.6717) lr=1.43e-04
iter 22280: loss=0.6515 (running=0.6691) lr=1.43e-04
iter 22290: loss=0.6699 (running=0.6670) lr=1.43e-04
iter 22300: loss=0.6322 (running=0.6653) lr=1.43e-04
iter 22310: loss=0.5769 (running=0.6646) lr=1.43e-04
iter 22320: loss=0.7751 (running=0.6647) lr=1.43e-04
iter 22330: loss=0.7193 (running=0.6704) lr=1.43e-04
iter 22340: loss=0.5984 (running=0.6693) lr=1.43e-04
iter 22350: loss=0.6438 (running=0.6710) lr=1.43e-04
iter 22360: loss=0.6643 (running=0.6670) lr=1.42e-04
iter 22370: loss=0.7017 (running=0.6709) lr=1.42e-04
iter 22380: loss=0.5999 (running=0.6666) lr=1.42e-04
iter 22390: loss=0.7967 (running=0.6679) lr=1.42e-04
iter 22400: loss=0.7648 (running=0.6688) lr=1.42e-04
iter 22410: loss=0.7970 (running=0.6682) lr=1.42e-04
iter 22420: loss=0.7377 (running=0.6726) lr=1.42e-04
iter 22430: loss=0.7191 (running=0.6767) lr=1.42e-04
iter 22440: loss=0.5437 (running=0.6733) lr=1.42e-04
iter 22450: loss=0.7304 (running=0.6732) lr=1.41e-04
iter 22460: loss=0.7607 (running=0.6700) lr=1.41e-04
iter 22470: loss=0.6219 (running=0.6732) lr=1.41e-04
iter 22480: loss=0.6196 (running=0.6635) lr=1.41e-04
iter 22490: loss=0.6908 (running=0.6688) lr=1.41e-04
[eval] iter 22500: train_loss=0.6037 val_loss=0.6700 lr=1.41e-04 elapsed=24437s
iter 22500: loss=0.6650 (running=0.6752) lr=1.41e-04
iter 22510: loss=0.6448 (running=0.6748) lr=1.41e-04
iter 22520: loss=0.6735 (running=0.6709) lr=1.41e-04
iter 22530: loss=0.7320 (running=0.6735) lr=1.41e-04
iter 22540: loss=0.6496 (running=0.6785) lr=1.41e-04
iter 22550: loss=0.7011 (running=0.6841) lr=1.40e-04
iter 22560: loss=0.5795 (running=0.6777) lr=1.40e-04
iter 22570: loss=0.8226 (running=0.6776) lr=1.40e-04
iter 22580: loss=0.5907 (running=0.6745) lr=1.40e-04
iter 22590: loss=0.7052 (running=0.6725) lr=1.40e-04
iter 22600: loss=0.6840 (running=0.6686) lr=1.40e-04
iter 22610: loss=0.5972 (running=0.6636) lr=1.40e-04
iter 22620: loss=0.7811 (running=0.6736) lr=1.40e-04
iter 22630: loss=0.6652 (running=0.6738) lr=1.40e-04
iter 22640: loss=0.7468 (running=0.6723) lr=1.39e-04
iter 22650: loss=0.6501 (running=0.6694) lr=1.39e-04
iter 22660: loss=0.7591 (running=0.6684) lr=1.39e-04
iter 22670: loss=0.6993 (running=0.6735) lr=1.39e-04
iter 22680: loss=0.6634 (running=0.6764) lr=1.39e-04
iter 22690: loss=0.6893 (running=0.6763) lr=1.39e-04
iter 22700: loss=0.6264 (running=0.6760) lr=1.39e-04
iter 22710: loss=0.8032 (running=0.6783) lr=1.39e-04
iter 22720: loss=0.6736 (running=0.6814) lr=1.39e-04
iter 22730: loss=0.6869 (running=0.6798) lr=1.39e-04
iter 22740: loss=0.5989 (running=0.6765) lr=1.38e-04
iter 22750: loss=0.6619 (running=0.6796) lr=1.38e-04
iter 22760: loss=0.6821 (running=0.6734) lr=1.38e-04
iter 22770: loss=0.6103 (running=0.6735) lr=1.38e-04
iter 22780: loss=0.6296 (running=0.6776) lr=1.38e-04
iter 22790: loss=0.6582 (running=0.6746) lr=1.38e-04
iter 22800: loss=0.6204 (running=0.6686) lr=1.38e-04
iter 22810: loss=0.6107 (running=0.6717) lr=1.38e-04
iter 22820: loss=0.5983 (running=0.6716) lr=1.38e-04
iter 22830: loss=0.6901 (running=0.6689) lr=1.37e-04
iter 22840: loss=0.6040 (running=0.6669) lr=1.37e-04
iter 22850: loss=0.7118 (running=0.6657) lr=1.37e-04
iter 22860: loss=0.7089 (running=0.6640) lr=1.37e-04
iter 22870: loss=0.7447 (running=0.6669) lr=1.37e-04
iter 22880: loss=0.7699 (running=0.6666) lr=1.37e-04
iter 22890: loss=0.6401 (running=0.6709) lr=1.37e-04
iter 22900: loss=0.7826 (running=0.6736) lr=1.37e-04
iter 22910: loss=0.5740 (running=0.6629) lr=1.37e-04
iter 22920: loss=0.6697 (running=0.6704) lr=1.37e-04
iter 22930: loss=0.7505 (running=0.6763) lr=1.36e-04
iter 22940: loss=0.6226 (running=0.6729) lr=1.36e-04
iter 22950: loss=0.6235 (running=0.6658) lr=1.36e-04
iter 22960: loss=0.5911 (running=0.6696) lr=1.36e-04
iter 22970: loss=0.6577 (running=0.6723) lr=1.36e-04
iter 22980: loss=0.5755 (running=0.6734) lr=1.36e-04
iter 22990: loss=0.7924 (running=0.6730) lr=1.36e-04
[eval] iter 23000: train_loss=0.6048 val_loss=0.6564 lr=1.36e-04 elapsed=24968s
  saved checkpoint -> checkpoints/ckpt.pt (val_loss=0.6564)
[sample] iter 23000:
------------------------------------------------------------
public class TestJstatResults {
    private static final String TEST_Jstat_LIB = System.getProperty("java.home");
    private static final boolean verbose = false;
    private static final Path testClassPath = Paths.get(TEST_Jstat_LIB
------------------------------------------------------------
iter 23000: loss=0.6233 (running=0.6704) lr=1.36e-04
iter 23010: loss=0.6693 (running=0.6732) lr=1.36e-04
iter 23020: loss=0.6133 (running=0.6667) lr=1.35e-04
iter 23030: loss=0.6492 (running=0.6684) lr=1.35e-04
iter 23040: loss=0.6760 (running=0.6654) lr=1.35e-04
iter 23050: loss=0.8019 (running=0.6680) lr=1.35e-04
iter 23060: loss=0.6763 (running=0.6673) lr=1.35e-04
iter 23070: loss=0.6329 (running=0.6655) lr=1.35e-04
iter 23080: loss=0.6003 (running=0.6640) lr=1.35e-04
iter 23090: loss=0.7470 (running=0.6665) lr=1.35e-04
iter 23100: loss=0.6588 (running=0.6658) lr=1.35e-04
iter 23110: loss=0.6087 (running=0.6698) lr=1.35e-04
iter 23120: loss=0.6420 (running=0.6715) lr=1.34e-04
iter 23130: loss=0.7076 (running=0.6754) lr=1.34e-04
iter 23140: loss=0.7992 (running=0.6761) lr=1.34e-04
iter 23150: loss=0.5418 (running=0.6758) lr=1.34e-04
iter 23160: loss=0.7171 (running=0.6719) lr=1.34e-04
iter 23170: loss=0.5939 (running=0.6603) lr=1.34e-04
iter 23180: loss=0.6670 (running=0.6648) lr=1.34e-04
iter 23190: loss=0.6717 (running=0.6630) lr=1.34e-04
iter 23200: loss=0.7152 (running=0.6642) lr=1.34e-04
iter 23210: loss=0.8469 (running=0.6695) lr=1.34e-04
iter 23220: loss=0.6452 (running=0.6679) lr=1.33e-04
iter 23230: loss=0.6848 (running=0.6691) lr=1.33e-04
iter 23240: loss=0.7032 (running=0.6662) lr=1.33e-04
iter 23250: loss=0.7902 (running=0.6737) lr=1.33e-04
iter 23260: loss=0.6326 (running=0.6708) lr=1.33e-04
iter 23270: loss=0.7676 (running=0.6745) lr=1.33e-04
iter 23280: loss=0.6080 (running=0.6690) lr=1.33e-04
iter 23290: loss=0.5645 (running=0.6651) lr=1.33e-04
iter 23300: loss=0.5699 (running=0.6653) lr=1.33e-04
iter 23310: loss=0.5598 (running=0.6648) lr=1.32e-04
iter 23320: loss=0.6716 (running=0.6631) lr=1.32e-04
iter 23330: loss=0.7505 (running=0.6674) lr=1.32e-04
iter 23340: loss=0.7275 (running=0.6696) lr=1.32e-04
iter 23350: loss=0.6017 (running=0.6694) lr=1.32e-04
iter 23360: loss=0.5098 (running=0.6638) lr=1.32e-04
iter 23370: loss=0.6040 (running=0.6570) lr=1.32e-04
iter 23380: loss=0.6996 (running=0.6567) lr=1.32e-04
iter 23390: loss=0.5934 (running=0.6595) lr=1.32e-04
iter 23400: loss=0.6952 (running=0.6644) lr=1.32e-04
iter 23410: loss=0.7309 (running=0.6637) lr=1.31e-04
iter 23420: loss=0.8426 (running=0.6663) lr=1.31e-04
iter 23430: loss=0.6591 (running=0.6610) lr=1.31e-04
iter 23440: loss=0.7371 (running=0.6654) lr=1.31e-04
iter 23450: loss=0.6869 (running=0.6635) lr=1.31e-04
iter 23460: loss=0.6422 (running=0.6567) lr=1.31e-04
iter 23470: loss=0.7581 (running=0.6624) lr=1.31e-04
iter 23480: loss=0.7063 (running=0.6607) lr=1.31e-04
iter 23490: loss=0.6302 (running=0.6629) lr=1.31e-04
[eval] iter 23500: train_loss=0.5985 val_loss=0.6589 lr=1.30e-04 elapsed=25504s
iter 23500: loss=0.6763 (running=0.6613) lr=1.30e-04
iter 23510: loss=0.6241 (running=0.6610) lr=1.30e-04
iter 23520: loss=0.7153 (running=0.6663) lr=1.30e-04
iter 23530: loss=0.5953 (running=0.6688) lr=1.30e-04
iter 23540: loss=0.6721 (running=0.6669) lr=1.30e-04
iter 23550: loss=0.6314 (running=0.6681) lr=1.30e-04
iter 23560: loss=0.5775 (running=0.6655) lr=1.30e-04
iter 23570: loss=0.6131 (running=0.6611) lr=1.30e-04
iter 23580: loss=0.8121 (running=0.6713) lr=1.30e-04
iter 23590: loss=0.6976 (running=0.6713) lr=1.30e-04
iter 23600: loss=0.6934 (running=0.6738) lr=1.29e-04
iter 23610: loss=0.4633 (running=0.6635) lr=1.29e-04
iter 23620: loss=0.6346 (running=0.6609) lr=1.29e-04
iter 23630: loss=0.7327 (running=0.6680) lr=1.29e-04
iter 23640: loss=0.6422 (running=0.6728) lr=1.29e-04
iter 23650: loss=0.6824 (running=0.6731) lr=1.29e-04
iter 23660: loss=0.6128 (running=0.6693) lr=1.29e-04
iter 23670: loss=0.6630 (running=0.6741) lr=1.29e-04
iter 23680: loss=0.7197 (running=0.6784) lr=1.29e-04
iter 23690: loss=0.6482 (running=0.6763) lr=1.29e-04
iter 23700: loss=0.6258 (running=0.6741) lr=1.28e-04
iter 23710: loss=0.6693 (running=0.6756) lr=1.28e-04
iter 23720: loss=0.5812 (running=0.6723) lr=1.28e-04
iter 23730: loss=0.7068 (running=0.6767) lr=1.28e-04
iter 23740: loss=0.6033 (running=0.6788) lr=1.28e-04
iter 23750: loss=0.6866 (running=0.6833) lr=1.28e-04
iter 23760: loss=0.6124 (running=0.6830) lr=1.28e-04
iter 23770: loss=0.5995 (running=0.6735) lr=1.28e-04
iter 23780: loss=0.6239 (running=0.6735) lr=1.28e-04
iter 23790: loss=0.6749 (running=0.6690) lr=1.27e-04
iter 23800: loss=0.5617 (running=0.6681) lr=1.27e-04
iter 23810: loss=0.5849 (running=0.6645) lr=1.27e-04
iter 23820: loss=0.7152 (running=0.6627) lr=1.27e-04
iter 23830: loss=0.7178 (running=0.6646) lr=1.27e-04
iter 23840: loss=0.6746 (running=0.6619) lr=1.27e-04
iter 23850: loss=0.6966 (running=0.6624) lr=1.27e-04
iter 23860: loss=0.6380 (running=0.6634) lr=1.27e-04
iter 23870: loss=0.8132 (running=0.6675) lr=1.27e-04
iter 23880: loss=0.6413 (running=0.6656) lr=1.27e-04
iter 23890: loss=0.6291 (running=0.6658) lr=1.26e-04
iter 23900: loss=0.5714 (running=0.6581) lr=1.26e-04
iter 23910: loss=0.7202 (running=0.6565) lr=1.26e-04
iter 23920: loss=0.8505 (running=0.6611) lr=1.26e-04
iter 23930: loss=0.5775 (running=0.6599) lr=1.26e-04
iter 23940: loss=0.6348 (running=0.6665) lr=1.26e-04
iter 23950: loss=0.6551 (running=0.6718) lr=1.26e-04
iter 23960: loss=0.6748 (running=0.6632) lr=1.26e-04
iter 23970: loss=0.6531 (running=0.6636) lr=1.26e-04
iter 23980: loss=0.7290 (running=0.6681) lr=1.26e-04
iter 23990: loss=0.6506 (running=0.6684) lr=1.25e-04
[eval] iter 24000: train_loss=0.5878 val_loss=0.6586 lr=1.25e-04 elapsed=26035s
[sample] iter 24000:
------------------------------------------------------------
public class Simple {

        public Simple() {

        }

    }

    public static class A {
        private String name;

        public String getName() {
            return name;
        }

        public void setName(String name) {
            this.name =
------------------------------------------------------------
iter 24000: loss=0.5757 (running=0.6640) lr=1.25e-04
iter 24010: loss=0.7752 (running=0.6692) lr=1.25e-04
iter 24020: loss=0.6663 (running=0.6679) lr=1.25e-04
iter 24030: loss=0.6292 (running=0.6663) lr=1.25e-04
iter 24040: loss=0.7831 (running=0.6636) lr=1.25e-04
iter 24050: loss=0.6596 (running=0.6605) lr=1.25e-04
iter 24060: loss=0.6922 (running=0.6573) lr=1.25e-04
iter 24070: loss=0.6395 (running=0.6659) lr=1.25e-04
iter 24080: loss=0.5785 (running=0.6668) lr=1.25e-04
iter 24090: loss=0.6092 (running=0.6701) lr=1.24e-04
iter 24100: loss=0.5535 (running=0.6731) lr=1.24e-04
iter 24110: loss=0.7074 (running=0.6699) lr=1.24e-04
iter 24120: loss=0.7486 (running=0.6640) lr=1.24e-04
iter 24130: loss=0.6625 (running=0.6704) lr=1.24e-04
iter 24140: loss=0.7919 (running=0.6759) lr=1.24e-04
iter 24150: loss=0.5751 (running=0.6731) lr=1.24e-04
iter 24160: loss=0.6418 (running=0.6727) lr=1.24e-04
iter 24170: loss=0.7993 (running=0.6688) lr=1.24e-04
iter 24180: loss=0.7032 (running=0.6722) lr=1.23e-04
iter 24190: loss=0.7008 (running=0.6799) lr=1.23e-04
iter 24200: loss=0.6010 (running=0.6755) lr=1.23e-04
iter 24210: loss=0.8016 (running=0.6765) lr=1.23e-04
iter 24220: loss=0.8031 (running=0.6798) lr=1.23e-04
iter 24230: loss=0.6513 (running=0.6749) lr=1.23e-04
iter 24240: loss=0.6496 (running=0.6761) lr=1.23e-04
iter 24250: loss=0.8400 (running=0.6806) lr=1.23e-04
iter 24260: loss=0.7860 (running=0.6794) lr=1.23e-04
iter 24270: loss=0.6649 (running=0.6785) lr=1.23e-04
iter 24280: loss=0.5546 (running=0.6706) lr=1.22e-04
iter 24290: loss=0.6059 (running=0.6717) lr=1.22e-04
iter 24300: loss=0.7291 (running=0.6719) lr=1.22e-04
iter 24310: loss=0.6580 (running=0.6696) lr=1.22e-04
iter 24320: loss=0.6794 (running=0.6637) lr=1.22e-04
iter 24330: loss=0.6670 (running=0.6690) lr=1.22e-04
iter 24340: loss=0.6307 (running=0.6696) lr=1.22e-04
iter 24350: loss=0.6078 (running=0.6742) lr=1.22e-04
iter 24360: loss=0.6708 (running=0.6712) lr=1.22e-04
iter 24370: loss=0.6524 (running=0.6681) lr=1.22e-04
iter 24380: loss=0.6117 (running=0.6658) lr=1.21e-04
iter 24390: loss=0.5903 (running=0.6602) lr=1.21e-04
iter 24400: loss=0.6647 (running=0.6592) lr=1.21e-04
iter 24410: loss=0.6152 (running=0.6566) lr=1.21e-04
iter 24420: loss=0.6462 (running=0.6618) lr=1.21e-04
iter 24430: loss=0.8679 (running=0.6642) lr=1.21e-04
iter 24440: loss=0.6947 (running=0.6620) lr=1.21e-04
iter 24450: loss=0.6993 (running=0.6697) lr=1.21e-04
iter 24460: loss=0.6521 (running=0.6724) lr=1.21e-04
iter 24470: loss=0.7547 (running=0.6739) lr=1.21e-04
iter 24480: loss=0.6589 (running=0.6688) lr=1.20e-04
iter 24490: loss=0.6082 (running=0.6682) lr=1.20e-04
[eval] iter 24500: train_loss=0.5836 val_loss=0.6637 lr=1.20e-04 elapsed=26566s
iter 24500: loss=0.6622 (running=0.6704) lr=1.20e-04
iter 24510: loss=0.5749 (running=0.6649) lr=1.20e-04
iter 24520: loss=0.6628 (running=0.6597) lr=1.20e-04
iter 24530: loss=0.6180 (running=0.6571) lr=1.20e-04
iter 24540: loss=0.6232 (running=0.6568) lr=1.20e-04
iter 24550: loss=0.5859 (running=0.6652) lr=1.20e-04
iter 24560: loss=0.7110 (running=0.6615) lr=1.20e-04
iter 24570: loss=0.5375 (running=0.6558) lr=1.20e-04
iter 24580: loss=0.7557 (running=0.6652) lr=1.19e-04
iter 24590: loss=0.5649 (running=0.6623) lr=1.19e-04
iter 24600: loss=0.8880 (running=0.6636) lr=1.19e-04
iter 24610: loss=0.6477 (running=0.6665) lr=1.19e-04
iter 24620: loss=0.5765 (running=0.6653) lr=1.19e-04
iter 24630: loss=0.5143 (running=0.6671) lr=1.19e-04
iter 24640: loss=0.6007 (running=0.6566) lr=1.19e-04
iter 24650: loss=0.6233 (running=0.6592) lr=1.19e-04
iter 24660: loss=0.6313 (running=0.6639) lr=1.19e-04
iter 24670: loss=0.6805 (running=0.6598) lr=1.19e-04
iter 24680: loss=0.6164 (running=0.6649) lr=1.18e-04
iter 24690: loss=0.6308 (running=0.6585) lr=1.18e-04
iter 24700: loss=0.7579 (running=0.6610) lr=1.18e-04
iter 24710: loss=0.5079 (running=0.6593) lr=1.18e-04
iter 24720: loss=0.6544 (running=0.6588) lr=1.18e-04
iter 24730: loss=0.6678 (running=0.6631) lr=1.18e-04
iter 24740: loss=0.6700 (running=0.6612) lr=1.18e-04
iter 24750: loss=0.5674 (running=0.6593) lr=1.18e-04
iter 24760: loss=0.6311 (running=0.6617) lr=1.18e-04
iter 24770: loss=0.6187 (running=0.6584) lr=1.18e-04
iter 24780: loss=0.6476 (running=0.6563) lr=1.17e-04
iter 24790: loss=0.7180 (running=0.6568) lr=1.17e-04
iter 24800: loss=0.6592 (running=0.6586) lr=1.17e-04
iter 24810: loss=0.6804 (running=0.6631) lr=1.17e-04
iter 24820: loss=0.5727 (running=0.6587) lr=1.17e-04
iter 24830: loss=0.6761 (running=0.6570) lr=1.17e-04
iter 24840: loss=0.5999 (running=0.6507) lr=1.17e-04
iter 24850: loss=0.6564 (running=0.6508) lr=1.17e-04
iter 24860: loss=0.6298 (running=0.6493) lr=1.17e-04
iter 24870: loss=0.5763 (running=0.6434) lr=1.17e-04
iter 24880: loss=0.7009 (running=0.6407) lr=1.16e-04
iter 24890: loss=0.6483 (running=0.6373) lr=1.16e-04
iter 24900: loss=0.6553 (running=0.6357) lr=1.16e-04
iter 24910: loss=0.9000 (running=0.6439) lr=1.16e-04
iter 24920: loss=0.6891 (running=0.6473) lr=1.16e-04
iter 24930: loss=0.6512 (running=0.6466) lr=1.16e-04
iter 24940: loss=0.7262 (running=0.6488) lr=1.16e-04
iter 24950: loss=0.6637 (running=0.6494) lr=1.16e-04
iter 24960: loss=0.6140 (running=0.6443) lr=1.16e-04
iter 24970: loss=0.6301 (running=0.6428) lr=1.16e-04
iter 24980: loss=0.6568 (running=0.6483) lr=1.15e-04
iter 24990: loss=0.6476 (running=0.6555) lr=1.15e-04
[eval] iter 25000: train_loss=0.5822 val_loss=0.6445 lr=1.15e-04 elapsed=27100s
  saved checkpoint -> checkpoints/ckpt.pt (val_loss=0.6445)
[sample] iter 25000:
------------------------------------------------------------
public class GetStringArrayElementTest {
    @Test
    public void testGetStringArrayElement() {
        Object obj = new String[5];
        arrayToGetString(obj);
    }

    @Test
    public void testGetStringArray() {
        String[] objArray
------------------------------------------------------------
iter 25000: loss=0.6180 (running=0.6548) lr=1.15e-04
iter 25010: loss=0.6909 (running=0.6663) lr=1.15e-04
iter 25020: loss=0.6888 (running=0.6670) lr=1.15e-04
iter 25030: loss=0.5396 (running=0.6660) lr=1.15e-04
iter 25040: loss=0.5783 (running=0.6587) lr=1.15e-04
iter 25050: loss=0.6594 (running=0.6573) lr=1.15e-04
iter 25060: loss=0.7398 (running=0.6563) lr=1.15e-04
iter 25070: loss=0.5147 (running=0.6495) lr=1.15e-04
iter 25080: loss=0.6853 (running=0.6479) lr=1.14e-04
iter 25090: loss=0.6128 (running=0.6423) lr=1.14e-04
iter 25100: loss=0.7569 (running=0.6464) lr=1.14e-04
iter 25110: loss=0.6891 (running=0.6474) lr=1.14e-04
iter 25120: loss=0.5729 (running=0.6457) lr=1.14e-04
iter 25130: loss=0.8255 (running=0.6580) lr=1.14e-04
iter 25140: loss=0.5896 (running=0.6554) lr=1.14e-04
iter 25150: loss=0.6276 (running=0.6477) lr=1.14e-04
iter 25160: loss=0.6145 (running=0.6461) lr=1.14e-04
iter 25170: loss=0.7359 (running=0.6510) lr=1.14e-04
iter 25180: loss=0.7111 (running=0.6536) lr=1.13e-04
iter 25190: loss=0.7655 (running=0.6573) lr=1.13e-04
iter 25200: loss=0.6624 (running=0.6581) lr=1.13e-04
iter 25210: loss=0.6776 (running=0.6548) lr=1.13e-04
iter 25220: loss=0.5315 (running=0.6442) lr=1.13e-04
iter 25230: loss=0.6498 (running=0.6422) lr=1.13e-04
iter 25240: loss=0.5974 (running=0.6339) lr=1.13e-04
iter 25250: loss=0.6488 (running=0.6377) lr=1.13e-04
iter 25260: loss=0.6649 (running=0.6438) lr=1.13e-04
iter 25270: loss=0.7068 (running=0.6532) lr=1.13e-04
iter 25280: loss=0.6186 (running=0.6514) lr=1.12e-04
iter 25290: loss=0.6220 (running=0.6528) lr=1.12e-04
iter 25300: loss=0.6133 (running=0.6540) lr=1.12e-04
iter 25310: loss=0.6183 (running=0.6511) lr=1.12e-04
iter 25320: loss=0.5606 (running=0.6490) lr=1.12e-04
iter 25330: loss=0.6323 (running=0.6470) lr=1.12e-04
iter 25340: loss=0.6600 (running=0.6481) lr=1.12e-04
iter 25350: loss=0.7119 (running=0.6422) lr=1.12e-04
iter 25360: loss=0.6301 (running=0.6402) lr=1.12e-04
iter 25370: loss=0.7432 (running=0.6420) lr=1.12e-04
iter 25380: loss=0.6315 (running=0.6444) lr=1.11e-04
iter 25390: loss=0.7216 (running=0.6504) lr=1.11e-04
iter 25400: loss=0.6431 (running=0.6514) lr=1.11e-04
iter 25410: loss=0.6664 (running=0.6451) lr=1.11e-04
iter 25420: loss=0.7121 (running=0.6472) lr=1.11e-04
iter 25430: loss=0.7880 (running=0.6477) lr=1.11e-04
iter 25440: loss=0.6697 (running=0.6562) lr=1.11e-04
iter 25450: loss=0.7322 (running=0.6524) lr=1.11e-04
iter 25460: loss=0.7136 (running=0.6554) lr=1.11e-04
iter 25470: loss=0.6157 (running=0.6557) lr=1.11e-04
iter 25480: loss=0.5599 (running=0.6483) lr=1.10e-04
iter 25490: loss=0.7073 (running=0.6483) lr=1.10e-04
[eval] iter 25500: train_loss=0.5774 val_loss=0.6497 lr=1.10e-04 elapsed=27636s
iter 25500: loss=0.7225 (running=0.6519) lr=1.10e-04
iter 25510: loss=0.6733 (running=0.6544) lr=1.10e-04
iter 25520: loss=0.6579 (running=0.6582) lr=1.10e-04
iter 25530: loss=0.7347 (running=0.6583) lr=1.10e-04
iter 25540: loss=0.7639 (running=0.6588) lr=1.10e-04
iter 25550: loss=0.7901 (running=0.6628) lr=1.10e-04
iter 25560: loss=0.6728 (running=0.6602) lr=1.10e-04
iter 25570: loss=0.6704 (running=0.6594) lr=1.10e-04
iter 25580: loss=0.6798 (running=0.6547) lr=1.09e-04
iter 25590: loss=0.6801 (running=0.6531) lr=1.09e-04
iter 25600: loss=0.5717 (running=0.6460) lr=1.09e-04
iter 25610: loss=0.5260 (running=0.6442) lr=1.09e-04
iter 25620: loss=0.6180 (running=0.6481) lr=1.09e-04
iter 25630: loss=0.5898 (running=0.6498) lr=1.09e-04
iter 25640: loss=0.6582 (running=0.6547) lr=1.09e-04
iter 25650: loss=0.5214 (running=0.6539) lr=1.09e-04
iter 25660: loss=0.5499 (running=0.6618) lr=1.09e-04
iter 25670: loss=0.6904 (running=0.6624) lr=1.09e-04
iter 25680: loss=0.5857 (running=0.6486) lr=1.08e-04
iter 25690: loss=0.6909 (running=0.6490) lr=1.08e-04
iter 25700: loss=0.7192 (running=0.6488) lr=1.08e-04
iter 25710: loss=0.6043 (running=0.6487) lr=1.08e-04
iter 25720: loss=0.7170 (running=0.6512) lr=1.08e-04
iter 25730: loss=0.6850 (running=0.6503) lr=1.08e-04
iter 25740: loss=0.5255 (running=0.6455) lr=1.08e-04
iter 25750: loss=0.6623 (running=0.6468) lr=1.08e-04
iter 25760: loss=0.8208 (running=0.6544) lr=1.08e-04
iter 25770: loss=0.6028 (running=0.6517) lr=1.08e-04
iter 25780: loss=0.5548 (running=0.6460) lr=1.08e-04
iter 25790: loss=0.7339 (running=0.6457) lr=1.07e-04
iter 25800: loss=0.6501 (running=0.6503) lr=1.07e-04
iter 25810: loss=0.6529 (running=0.6526) lr=1.07e-04
iter 25820: loss=0.8158 (running=0.6526) lr=1.07e-04
iter 25830: loss=0.6825 (running=0.6601) lr=1.07e-04
iter 25840: loss=0.6057 (running=0.6531) lr=1.07e-04
iter 25850: loss=0.5574 (running=0.6530) lr=1.07e-04
iter 25860: loss=0.6061 (running=0.6524) lr=1.07e-04
iter 25870: loss=0.5760 (running=0.6527) lr=1.07e-04
iter 25880: loss=0.6481 (running=0.6522) lr=1.07e-04
iter 25890: loss=0.6069 (running=0.6473) lr=1.06e-04
iter 25900: loss=0.6918 (running=0.6505) lr=1.06e-04
iter 25910: loss=0.6030 (running=0.6554) lr=1.06e-04
iter 25920: loss=0.5848 (running=0.6616) lr=1.06e-04
iter 25930: loss=0.5462 (running=0.6530) lr=1.06e-04
iter 25940: loss=0.5723 (running=0.6503) lr=1.06e-04
iter 25950: loss=0.6176 (running=0.6515) lr=1.06e-04
iter 25960: loss=0.6265 (running=0.6482) lr=1.06e-04
iter 25970: loss=0.5990 (running=0.6446) lr=1.06e-04
iter 25980: loss=0.7137 (running=0.6434) lr=1.06e-04
iter 25990: loss=0.8215 (running=0.6426) lr=1.05e-04
[eval] iter 26000: train_loss=0.5839 val_loss=0.6425 lr=1.05e-04 elapsed=28169s
  saved checkpoint -> checkpoints/ckpt.pt (val_loss=0.6425)
[sample] iter 26000:
------------------------------------------------------------
public class DupsState {
        public static void main(String[] args) throws Exception {
            TestState state = new TestState();
            String stateName = state.getStateName();

            if (stateName == null) {
                throw new
------------------------------------------------------------
iter 26000: loss=0.6760 (running=0.6461) lr=1.05e-04
iter 26010: loss=0.7346 (running=0.6417) lr=1.05e-04
iter 26020: loss=0.6759 (running=0.6390) lr=1.05e-04
iter 26030: loss=0.6356 (running=0.6405) lr=1.05e-04
iter 26040: loss=0.6050 (running=0.6397) lr=1.05e-04
iter 26050: loss=0.5968 (running=0.6393) lr=1.05e-04
iter 26060: loss=0.6607 (running=0.6406) lr=1.05e-04
iter 26070: loss=0.5802 (running=0.6417) lr=1.05e-04
iter 26080: loss=0.6070 (running=0.6363) lr=1.05e-04
iter 26090: loss=0.6768 (running=0.6402) lr=1.05e-04
iter 26100: loss=0.7503 (running=0.6417) lr=1.04e-04
iter 26110: loss=0.6577 (running=0.6483) lr=1.04e-04
iter 26120: loss=0.6116 (running=0.6449) lr=1.04e-04
iter 26130: loss=0.6561 (running=0.6509) lr=1.04e-04
iter 26140: loss=0.6196 (running=0.6481) lr=1.04e-04
iter 26150: loss=0.6584 (running=0.6595) lr=1.04e-04
iter 26160: loss=0.6896 (running=0.6587) lr=1.04e-04
iter 26170: loss=0.5804 (running=0.6556) lr=1.04e-04
iter 26180: loss=0.6344 (running=0.6531) lr=1.04e-04
iter 26190: loss=0.5426 (running=0.6469) lr=1.04e-04
iter 26200: loss=0.6548 (running=0.6338) lr=1.03e-04
iter 26210: loss=0.6406 (running=0.6370) lr=1.03e-04
iter 26220: loss=0.7025 (running=0.6373) lr=1.03e-04
iter 26230: loss=0.5476 (running=0.6352) lr=1.03e-04
iter 26240: loss=0.6543 (running=0.6353) lr=1.03e-04
iter 26250: loss=0.6174 (running=0.6318) lr=1.03e-04
iter 26260: loss=0.7128 (running=0.6297) lr=1.03e-04
iter 26270: loss=0.6692 (running=0.6426) lr=1.03e-04
iter 26280: loss=0.5565 (running=0.6403) lr=1.03e-04
iter 26290: loss=0.6396 (running=0.6358) lr=1.03e-04
iter 26300: loss=0.5956 (running=0.6402) lr=1.03e-04
iter 26310: loss=0.5976 (running=0.6362) lr=1.02e-04
iter 26320: loss=0.6028 (running=0.6393) lr=1.02e-04
iter 26330: loss=0.7073 (running=0.6411) lr=1.02e-04
iter 26340: loss=0.6353 (running=0.6444) lr=1.02e-04
iter 26350: loss=0.6680 (running=0.6435) lr=1.02e-04
iter 26360: loss=0.7148 (running=0.6426) lr=1.02e-04
iter 26370: loss=0.6434 (running=0.6479) lr=1.02e-04
iter 26380: loss=0.6819 (running=0.6493) lr=1.02e-04
iter 26390: loss=0.6850 (running=0.6444) lr=1.02e-04
iter 26400: loss=0.6383 (running=0.6462) lr=1.02e-04
iter 26410: loss=0.5603 (running=0.6353) lr=1.01e-04
iter 26420: loss=0.5944 (running=0.6312) lr=1.01e-04
iter 26430: loss=0.5847 (running=0.6290) lr=1.01e-04
iter 26440: loss=0.6513 (running=0.6329) lr=1.01e-04
iter 26450: loss=0.6817 (running=0.6406) lr=1.01e-04
iter 26460: loss=0.6452 (running=0.6438) lr=1.01e-04
iter 26470: loss=0.6718 (running=0.6515) lr=1.01e-04
iter 26480: loss=0.6332 (running=0.6503) lr=1.01e-04
iter 26490: loss=0.6615 (running=0.6459) lr=1.01e-04
[eval] iter 26500: train_loss=0.5806 val_loss=0.6419 lr=1.01e-04 elapsed=28702s
  saved checkpoint -> checkpoints/ckpt.pt (val_loss=0.6419)
iter 26500: loss=0.6013 (running=0.6450) lr=1.01e-04
iter 26510: loss=0.7185 (running=0.6469) lr=1.01e-04
iter 26520: loss=0.5496 (running=0.6399) lr=1.00e-04
iter 26530: loss=0.6488 (running=0.6395) lr=1.00e-04
iter 26540: loss=0.6515 (running=0.6413) lr=1.00e-04
iter 26550: loss=0.6858 (running=0.6488) lr=1.00e-04
iter 26560: loss=0.6972 (running=0.6481) lr=1.00e-04
iter 26570: loss=0.6373 (running=0.6491) lr=1.00e-04
iter 26580: loss=0.7148 (running=0.6491) lr=9.99e-05
iter 26590: loss=0.7068 (running=0.6442) lr=9.98e-05
iter 26600: loss=0.5948 (running=0.6427) lr=9.97e-05
iter 26610: loss=0.6846 (running=0.6401) lr=9.96e-05
iter 26620: loss=0.7829 (running=0.6462) lr=9.95e-05
iter 26630: loss=0.7281 (running=0.6470) lr=9.94e-05
iter 26640: loss=0.6914 (running=0.6419) lr=9.93e-05
iter 26650: loss=0.6383 (running=0.6461) lr=9.92e-05
iter 26660: loss=0.6264 (running=0.6404) lr=9.91e-05
iter 26670: loss=0.5646 (running=0.6392) lr=9.90e-05
iter 26680: loss=0.6846 (running=0.6412) lr=9.89e-05
iter 26690: loss=0.6519 (running=0.6356) lr=9.88e-05
iter 26700: loss=0.5668 (running=0.6306) lr=9.87e-05
iter 26710: loss=0.5897 (running=0.6354) lr=9.87e-05
iter 26720: loss=0.7245 (running=0.6433) lr=9.86e-05
iter 26730: loss=0.5544 (running=0.6361) lr=9.85e-05
iter 26740: loss=0.8096 (running=0.6402) lr=9.84e-05
iter 26750: loss=0.6333 (running=0.6472) lr=9.83e-05
iter 26760: loss=0.5935 (running=0.6406) lr=9.82e-05
iter 26770: loss=0.5629 (running=0.6504) lr=9.81e-05
iter 26780: loss=0.5859 (running=0.6437) lr=9.80e-05
iter 26790: loss=0.7977 (running=0.6472) lr=9.79e-05
iter 26800: loss=0.5805 (running=0.6431) lr=9.78e-05
iter 26810: loss=0.7237 (running=0.6485) lr=9.77e-05
iter 26820: loss=0.5303 (running=0.6464) lr=9.76e-05
iter 26830: loss=0.5867 (running=0.6427) lr=9.75e-05
iter 26840: loss=0.7639 (running=0.6426) lr=9.74e-05
iter 26850: loss=0.6947 (running=0.6448) lr=9.73e-05
iter 26860: loss=0.6832 (running=0.6460) lr=9.73e-05
iter 26870: loss=0.5959 (running=0.6442) lr=9.72e-05
iter 26880: loss=0.6527 (running=0.6432) lr=9.71e-05
iter 26890: loss=0.5662 (running=0.6419) lr=9.70e-05
iter 26900: loss=0.6630 (running=0.6432) lr=9.69e-05
iter 26910: loss=0.4765 (running=0.6411) lr=9.68e-05
iter 26920: loss=0.5707 (running=0.6378) lr=9.67e-05
iter 26930: loss=0.7125 (running=0.6366) lr=9.66e-05
iter 26940: loss=0.7056 (running=0.6333) lr=9.65e-05
iter 26950: loss=0.5800 (running=0.6315) lr=9.64e-05
iter 26960: loss=0.6589 (running=0.6301) lr=9.63e-05
iter 26970: loss=0.5704 (running=0.6329) lr=9.62e-05
iter 26980: loss=0.6378 (running=0.6269) lr=9.61e-05
iter 26990: loss=0.6912 (running=0.6295) lr=9.60e-05
[eval] iter 27000: train_loss=0.5710 val_loss=0.6395 lr=9.60e-05 elapsed=29244s
  saved checkpoint -> checkpoints/ckpt.pt (val_loss=0.6395)
[sample] iter 27000:
------------------------------------------------------------
public class TestDefaultPackageType {
    public enum MyEnum {
        FOO,
        BAR,
        CAR;
    }

    @Test
    public void testBasePackageType() throws Throwable {
        for (Object o : List.of(new MyEnum(), new
------------------------------------------------------------
iter 27000: loss=0.6956 (running=0.6331) lr=9.60e-05
iter 27010: loss=0.7012 (running=0.6376) lr=9.59e-05
iter 27020: loss=0.7896 (running=0.6393) lr=9.58e-05
iter 27030: loss=0.5776 (running=0.6426) lr=9.57e-05
iter 27040: loss=0.5717 (running=0.6389) lr=9.56e-05
iter 27050: loss=0.5198 (running=0.6330) lr=9.55e-05
iter 27060: loss=0.5881 (running=0.6342) lr=9.54e-05
iter 27070: loss=0.4911 (running=0.6308) lr=9.53e-05
iter 27080: loss=0.7473 (running=0.6296) lr=9.52e-05
iter 27090: loss=0.6478 (running=0.6315) lr=9.51e-05
iter 27100: loss=0.5612 (running=0.6401) lr=9.50e-05
iter 27110: loss=0.6297 (running=0.6373) lr=9.49e-05
iter 27120: loss=0.5303 (running=0.6332) lr=9.49e-05
iter 27130: loss=0.6060 (running=0.6413) lr=9.48e-05
iter 27140: loss=0.6226 (running=0.6420) lr=9.47e-05
iter 27150: loss=0.6717 (running=0.6420) lr=9.46e-05
iter 27160: loss=0.5631 (running=0.6455) lr=9.45e-05
iter 27170: loss=0.6215 (running=0.6414) lr=9.44e-05
iter 27180: loss=0.5920 (running=0.6369) lr=9.43e-05
iter 27190: loss=0.7360 (running=0.6387) lr=9.42e-05
iter 27200: loss=0.7064 (running=0.6358) lr=9.41e-05
iter 27210: loss=0.6128 (running=0.6394) lr=9.40e-05
iter 27220: loss=0.5895 (running=0.6349) lr=9.39e-05
iter 27230: loss=0.6685 (running=0.6312) lr=9.38e-05
iter 27240: loss=0.5907 (running=0.6322) lr=9.38e-05
iter 27250: loss=0.6040 (running=0.6341) lr=9.37e-05
iter 27260: loss=0.5504 (running=0.6314) lr=9.36e-05
iter 27270: loss=0.6395 (running=0.6333) lr=9.35e-05
iter 27280: loss=0.6772 (running=0.6362) lr=9.34e-05
iter 27290: loss=0.6622 (running=0.6327) lr=9.33e-05
iter 27300: loss=0.5941 (running=0.6340) lr=9.32e-05
iter 27310: loss=0.5403 (running=0.6390) lr=9.31e-05
iter 27320: loss=0.6884 (running=0.6382) lr=9.30e-05
iter 27330: loss=0.6610 (running=0.6496) lr=9.29e-05
iter 27340: loss=0.6195 (running=0.6409) lr=9.28e-05
iter 27350: loss=0.6160 (running=0.6439) lr=9.28e-05
iter 27360: loss=0.5650 (running=0.6367) lr=9.27e-05
iter 27370: loss=0.5595 (running=0.6323) lr=9.26e-05
iter 27380: loss=0.7268 (running=0.6294) lr=9.25e-05
iter 27390: loss=0.5318 (running=0.6303) lr=9.24e-05
iter 27400: loss=0.6454 (running=0.6286) lr=9.23e-05
iter 27410: loss=0.6132 (running=0.6385) lr=9.22e-05
iter 27420: loss=0.6329 (running=0.6488) lr=9.21e-05
iter 27430: loss=0.6520 (running=0.6540) lr=9.20e-05
iter 27440: loss=0.5576 (running=0.6463) lr=9.19e-05
iter 27450: loss=0.6126 (running=0.6395) lr=9.18e-05
iter 27460: loss=0.7002 (running=0.6434) lr=9.18e-05
iter 27470: loss=0.6434 (running=0.6388) lr=9.17e-05
iter 27480: loss=0.7795 (running=0.6386) lr=9.16e-05
iter 27490: loss=0.6133 (running=0.6318) lr=9.15e-05
[eval] iter 27500: train_loss=0.5656 val_loss=0.6321 lr=9.14e-05 elapsed=29779s
  saved checkpoint -> checkpoints/ckpt.pt (val_loss=0.6321)
iter 27500: loss=0.7148 (running=0.6348) lr=9.14e-05
iter 27510: loss=0.6354 (running=0.6291) lr=9.13e-05
iter 27520: loss=0.6035 (running=0.6258) lr=9.12e-05
iter 27530: loss=0.7220 (running=0.6270) lr=9.11e-05
iter 27540: loss=0.6974 (running=0.6315) lr=9.10e-05
iter 27550: loss=0.5853 (running=0.6239) lr=9.09e-05
iter 27560: loss=0.6327 (running=0.6273) lr=9.09e-05
iter 27570: loss=0.7063 (running=0.6311) lr=9.08e-05
iter 27580: loss=0.5145 (running=0.6251) lr=9.07e-05
iter 27590: loss=0.6701 (running=0.6239) lr=9.06e-05
iter 27600: loss=0.4896 (running=0.6240) lr=9.05e-05
iter 27610: loss=0.7257 (running=0.6347) lr=9.04e-05
iter 27620: loss=0.5449 (running=0.6346) lr=9.03e-05
iter 27630: loss=0.5325 (running=0.6336) lr=9.02e-05
iter 27640: loss=0.6198 (running=0.6329) lr=9.01e-05
iter 27650: loss=0.7330 (running=0.6291) lr=9.01e-05
iter 27660: loss=0.5886 (running=0.6327) lr=9.00e-05
iter 27670: loss=0.5419 (running=0.6336) lr=8.99e-05
iter 27680: loss=0.6398 (running=0.6292) lr=8.98e-05
iter 27690: loss=0.5924 (running=0.6358) lr=8.97e-05
iter 27700: loss=0.5914 (running=0.6320) lr=8.96e-05
iter 27710: loss=0.5788 (running=0.6300) lr=8.95e-05
iter 27720: loss=0.7404 (running=0.6351) lr=8.94e-05
iter 27730: loss=0.7318 (running=0.6320) lr=8.93e-05
iter 27740: loss=0.6706 (running=0.6314) lr=8.93e-05
iter 27750: loss=0.5365 (running=0.6313) lr=8.92e-05
iter 27760: loss=0.7372 (running=0.6371) lr=8.91e-05
iter 27770: loss=0.6677 (running=0.6379) lr=8.90e-05
iter 27780: loss=0.7398 (running=0.6355) lr=8.89e-05
iter 27790: loss=0.7438 (running=0.6341) lr=8.88e-05
iter 27800: loss=0.5810 (running=0.6326) lr=8.87e-05
iter 27810: loss=0.6684 (running=0.6318) lr=8.86e-05
iter 27820: loss=0.6947 (running=0.6278) lr=8.85e-05
iter 27830: loss=0.6753 (running=0.6298) lr=8.85e-05
iter 27840: loss=0.6105 (running=0.6345) lr=8.84e-05
iter 27850: loss=0.5813 (running=0.6280) lr=8.83e-05
iter 27860: loss=0.5876 (running=0.6216) lr=8.82e-05
iter 27870: loss=0.6010 (running=0.6239) lr=8.81e-05
iter 27880: loss=0.6214 (running=0.6269) lr=8.80e-05
iter 27890: loss=0.7050 (running=0.6198) lr=8.79e-05
iter 27900: loss=0.7351 (running=0.6290) lr=8.78e-05
iter 27910: loss=0.5178 (running=0.6283) lr=8.77e-05
iter 27920: loss=0.5739 (running=0.6338) lr=8.77e-05
iter 27930: loss=0.7107 (running=0.6293) lr=8.76e-05
iter 27940: loss=0.6497 (running=0.6285) lr=8.75e-05
iter 27950: loss=0.5985 (running=0.6321) lr=8.74e-05
iter 27960: loss=0.5332 (running=0.6294) lr=8.73e-05
iter 27970: loss=0.7825 (running=0.6290) lr=8.72e-05
iter 27980: loss=0.7228 (running=0.6279) lr=8.71e-05
iter 27990: loss=0.6217 (running=0.6301) lr=8.70e-05
[eval] iter 28000: train_loss=0.5465 val_loss=0.6313 lr=8.70e-05 elapsed=30314s
  saved checkpoint -> checkpoints/ckpt.pt (val_loss=0.6313)
[sample] iter 28000:
------------------------------------------------------------
public class Circle extends Base {
    public static final double circleCircle = 0.02465;
    public static final double flashCircle = 0.01754;

    public double x;
    public double y;

    public Circle
------------------------------------------------------------
iter 28000: loss=0.6622 (running=0.6315) lr=8.70e-05
iter 28010: loss=0.5907 (running=0.6336) lr=8.69e-05
iter 28020: loss=0.5510 (running=0.6369) lr=8.68e-05
iter 28030: loss=0.5930 (running=0.6402) lr=8.67e-05
iter 28040: loss=0.5726 (running=0.6344) lr=8.66e-05
iter 28050: loss=0.5603 (running=0.6324) lr=8.65e-05
iter 28060: loss=0.5869 (running=0.6293) lr=8.64e-05
iter 28070: loss=0.5912 (running=0.6263) lr=8.63e-05
iter 28080: loss=0.6361 (running=0.6252) lr=8.63e-05
iter 28090: loss=0.6731 (running=0.6299) lr=8.62e-05
iter 28100: loss=0.6885 (running=0.6231) lr=8.61e-05
iter 28110: loss=0.6143 (running=0.6214) lr=8.60e-05
iter 28120: loss=0.8296 (running=0.6292) lr=8.59e-05
iter 28130: loss=0.5905 (running=0.6259) lr=8.58e-05
iter 28140: loss=0.6626 (running=0.6269) lr=8.57e-05
iter 28150: loss=0.6663 (running=0.6267) lr=8.56e-05
iter 28160: loss=0.5666 (running=0.6312) lr=8.56e-05
iter 28170: loss=0.6198 (running=0.6328) lr=8.55e-05
iter 28180: loss=0.7421 (running=0.6376) lr=8.54e-05
iter 28190: loss=0.7504 (running=0.6382) lr=8.53e-05
iter 28200: loss=0.5457 (running=0.6359) lr=8.52e-05
iter 28210: loss=0.6815 (running=0.6364) lr=8.51e-05
iter 28220: loss=0.7030 (running=0.6455) lr=8.50e-05
iter 28230: loss=0.5675 (running=0.6512) lr=8.50e-05
iter 28240: loss=0.6833 (running=0.6461) lr=8.49e-05
iter 28250: loss=0.6677 (running=0.6416) lr=8.48e-05
iter 28260: loss=0.6873 (running=0.6417) lr=8.47e-05
iter 28270: loss=0.6280 (running=0.6413) lr=8.46e-05
iter 28280: loss=0.5514 (running=0.6386) lr=8.45e-05
iter 28290: loss=0.5767 (running=0.6317) lr=8.44e-05
iter 28300: loss=0.5646 (running=0.6270) lr=8.44e-05
iter 28310: loss=0.6691 (running=0.6274) lr=8.43e-05
iter 28320: loss=0.5773 (running=0.6278) lr=8.42e-05
iter 28330: loss=0.6179 (running=0.6273) lr=8.41e-05
iter 28340: loss=0.6937 (running=0.6306) lr=8.40e-05
iter 28350: loss=0.5905 (running=0.6274) lr=8.39e-05
iter 28360: loss=0.5465 (running=0.6265) lr=8.38e-05
iter 28370: loss=0.5841 (running=0.6295) lr=8.38e-05
iter 28380: loss=0.6147 (running=0.6306) lr=8.37e-05
iter 28390: loss=0.6857 (running=0.6353) lr=8.36e-05
iter 28400: loss=0.6268 (running=0.6348) lr=8.35e-05
iter 28410: loss=0.5507 (running=0.6353) lr=8.34e-05
iter 28420: loss=0.6742 (running=0.6281) lr=8.33e-05
iter 28430: loss=0.6429 (running=0.6275) lr=8.32e-05
iter 28440: loss=0.6071 (running=0.6267) lr=8.32e-05
iter 28450: loss=0.6489 (running=0.6236) lr=8.31e-05
iter 28460: loss=0.7466 (running=0.6344) lr=8.30e-05
iter 28470: loss=0.5737 (running=0.6348) lr=8.29e-05
iter 28480: loss=0.6419 (running=0.6372) lr=8.28e-05
iter 28490: loss=0.5890 (running=0.6371) lr=8.27e-05
[eval] iter 28500: train_loss=0.5637 val_loss=0.6370 lr=8.26e-05 elapsed=30851s
iter 28500: loss=0.6070 (running=0.6309) lr=8.26e-05
iter 28510: loss=0.5605 (running=0.6345) lr=8.26e-05
iter 28520: loss=0.6622 (running=0.6337) lr=8.25e-05
iter 28530: loss=0.4614 (running=0.6316) lr=8.24e-05
iter 28540: loss=0.6374 (running=0.6339) lr=8.23e-05
iter 28550: loss=0.6476 (running=0.6345) lr=8.22e-05
iter 28560: loss=0.5639 (running=0.6321) lr=8.21e-05
iter 28570: loss=0.6710 (running=0.6380) lr=8.20e-05
iter 28580: loss=0.6491 (running=0.6363) lr=8.20e-05
iter 28590: loss=0.7727 (running=0.6350) lr=8.19e-05
iter 28600: loss=0.4940 (running=0.6333) lr=8.18e-05
iter 28610: loss=0.6467 (running=0.6377) lr=8.17e-05
iter 28620: loss=0.5286 (running=0.6340) lr=8.16e-05
iter 28630: loss=0.5739 (running=0.6404) lr=8.15e-05
iter 28640: loss=0.6327 (running=0.6325) lr=8.15e-05
iter 28650: loss=0.7022 (running=0.6362) lr=8.14e-05
iter 28660: loss=0.7777 (running=0.6464) lr=8.13e-05
iter 28670: loss=0.7026 (running=0.6397) lr=8.12e-05
iter 28680: loss=0.6092 (running=0.6351) lr=8.11e-05
iter 28690: loss=0.5427 (running=0.6287) lr=8.10e-05
iter 28700: loss=0.5663 (running=0.6279) lr=8.09e-05
iter 28710: loss=0.6393 (running=0.6318) lr=8.09e-05
iter 28720: loss=0.6127 (running=0.6299) lr=8.08e-05
iter 28730: loss=0.5269 (running=0.6263) lr=8.07e-05
iter 28740: loss=0.6245 (running=0.6284) lr=8.06e-05
iter 28750: loss=0.6458 (running=0.6292) lr=8.05e-05
iter 28760: loss=0.6476 (running=0.6357) lr=8.04e-05
iter 28770: loss=0.7856 (running=0.6398) lr=8.04e-05
iter 28780: loss=0.6665 (running=0.6384) lr=8.03e-05
iter 28790: loss=0.7860 (running=0.6381) lr=8.02e-05
iter 28800: loss=0.6544 (running=0.6355) lr=8.01e-05
iter 28810: loss=0.5431 (running=0.6298) lr=8.00e-05
iter 28820: loss=0.6165 (running=0.6267) lr=7.99e-05
iter 28830: loss=0.5599 (running=0.6287) lr=7.99e-05
iter 28840: loss=0.5963 (running=0.6256) lr=7.98e-05
iter 28850: loss=0.5822 (running=0.6261) lr=7.97e-05
iter 28860: loss=0.5853 (running=0.6196) lr=7.96e-05
iter 28870: loss=0.4881 (running=0.6208) lr=7.95e-05
iter 28880: loss=0.6247 (running=0.6219) lr=7.94e-05
iter 28890: loss=0.5917 (running=0.6213) lr=7.94e-05
iter 28900: loss=0.7304 (running=0.6242) lr=7.93e-05
iter 28910: loss=0.5863 (running=0.6249) lr=7.92e-05
iter 28920: loss=0.5868 (running=0.6236) lr=7.91e-05
iter 28930: loss=0.6192 (running=0.6278) lr=7.90e-05
iter 28940: loss=0.5727 (running=0.6251) lr=7.89e-05
iter 28950: loss=0.6377 (running=0.6242) lr=7.89e-05
iter 28960: loss=0.6226 (running=0.6241) lr=7.88e-05
iter 28970: loss=0.6194 (running=0.6238) lr=7.87e-05
iter 28980: loss=0.6885 (running=0.6242) lr=7.86e-05
iter 28990: loss=0.7481 (running=0.6226) lr=7.85e-05
[eval] iter 29000: train_loss=0.5628 val_loss=0.6244 lr=7.85e-05 elapsed=31382s
  saved checkpoint -> checkpoints/ckpt.pt (val_loss=0.6244)
[sample] iter 29000:
------------------------------------------------------------
public class A2 {
        protected void m() {
        }
    }

    public static class A3 extends A2 {
        public void n() {
        }
    }
    public static class B4 extends A1 {
        public void n(
------------------------------------------------------------
iter 29000: loss=0.6225 (running=0.6195) lr=7.85e-05
iter 29010: loss=0.6375 (running=0.6269) lr=7.84e-05
iter 29020: loss=0.6116 (running=0.6262) lr=7.83e-05
iter 29030: loss=0.6534 (running=0.6335) lr=7.82e-05
iter 29040: loss=0.6224 (running=0.6288) lr=7.81e-05
iter 29050: loss=0.7331 (running=0.6339) lr=7.80e-05
iter 29060: loss=0.5859 (running=0.6281) lr=7.80e-05
iter 29070: loss=0.6438 (running=0.6329) lr=7.79e-05
iter 29080: loss=0.7996 (running=0.6344) lr=7.78e-05
iter 29090: loss=0.6654 (running=0.6400) lr=7.77e-05
iter 29100: loss=0.6162 (running=0.6341) lr=7.76e-05
iter 29110: loss=0.5520 (running=0.6332) lr=7.75e-05
iter 29120: loss=0.7664 (running=0.6347) lr=7.75e-05
iter 29130: loss=0.6624 (running=0.6348) lr=7.74e-05
iter 29140: loss=0.6215 (running=0.6308) lr=7.73e-05
iter 29150: loss=0.6050 (running=0.6420) lr=7.72e-05
iter 29160: loss=0.7166 (running=0.6385) lr=7.71e-05
iter 29170: loss=0.5106 (running=0.6347) lr=7.71e-05
iter 29180: loss=0.5911 (running=0.6254) lr=7.70e-05
iter 29190: loss=0.6803 (running=0.6258) lr=7.69e-05
iter 29200: loss=0.5571 (running=0.6187) lr=7.68e-05
iter 29210: loss=0.6453 (running=0.6162) lr=7.67e-05
iter 29220: loss=0.5390 (running=0.6145) lr=7.67e-05
iter 29230: loss=0.7461 (running=0.6114) lr=7.66e-05
iter 29240: loss=0.6874 (running=0.6127) lr=7.65e-05
iter 29250: loss=0.7147 (running=0.6283) lr=7.64e-05
iter 29260: loss=0.7460 (running=0.6345) lr=7.63e-05
iter 29270: loss=0.5516 (running=0.6294) lr=7.62e-05
iter 29280: loss=0.6813 (running=0.6330) lr=7.62e-05
iter 29290: loss=0.5630 (running=0.6262) lr=7.61e-05
iter 29300: loss=0.5824 (running=0.6235) lr=7.60e-05
iter 29310: loss=0.6001 (running=0.6224) lr=7.59e-05
iter 29320: loss=0.6691 (running=0.6232) lr=7.58e-05
iter 29330: loss=0.6132 (running=0.6288) lr=7.58e-05
iter 29340: loss=0.6928 (running=0.6279) lr=7.57e-05
iter 29350: loss=0.6413 (running=0.6327) lr=7.56e-05
iter 29360: loss=0.5200 (running=0.6316) lr=7.55e-05
iter 29370: loss=0.5049 (running=0.6277) lr=7.54e-05
iter 29380: loss=0.6310 (running=0.6266) lr=7.54e-05
iter 29390: loss=0.5426 (running=0.6204) lr=7.53e-05
iter 29400: loss=0.5957 (running=0.6199) lr=7.52e-05
iter 29410: loss=0.5954 (running=0.6169) lr=7.51e-05
iter 29420: loss=0.7309 (running=0.6195) lr=7.50e-05
iter 29430: loss=0.6979 (running=0.6181) lr=7.50e-05
iter 29440: loss=0.6115 (running=0.6251) lr=7.49e-05
iter 29450: loss=0.6070 (running=0.6246) lr=7.48e-05
iter 29460: loss=0.6607 (running=0.6217) lr=7.47e-05
iter 29470: loss=0.5094 (running=0.6160) lr=7.46e-05
iter 29480: loss=0.6807 (running=0.6205) lr=7.46e-05
iter 29490: loss=0.5627 (running=0.6174) lr=7.45e-05
[eval] iter 29500: train_loss=0.5527 val_loss=0.6169 lr=7.44e-05 elapsed=31921s
  saved checkpoint -> checkpoints/ckpt.pt (val_loss=0.6169)
iter 29500: loss=0.6684 (running=0.6255) lr=7.44e-05
iter 29510: loss=0.5647 (running=0.6186) lr=7.43e-05
iter 29520: loss=0.5389 (running=0.6174) lr=7.42e-05
iter 29530: loss=0.6828 (running=0.6261) lr=7.42e-05
iter 29540: loss=0.6349 (running=0.6252) lr=7.41e-05
iter 29550: loss=0.7167 (running=0.6260) lr=7.40e-05
iter 29560: loss=0.7527 (running=0.6289) lr=7.39e-05
iter 29570: loss=0.5456 (running=0.6277) lr=7.38e-05
iter 29580: loss=0.6200 (running=0.6335) lr=7.38e-05
iter 29590: loss=0.6339 (running=0.6356) lr=7.37e-05
iter 29600: loss=0.5754 (running=0.6330) lr=7.36e-05
iter 29610: loss=0.6663 (running=0.6341) lr=7.35e-05
iter 29620: loss=0.5943 (running=0.6321) lr=7.35e-05
iter 29630: loss=0.5781 (running=0.6270) lr=7.34e-05
iter 29640: loss=0.5918 (running=0.6320) lr=7.33e-05
iter 29650: loss=0.6120 (running=0.6297) lr=7.32e-05
iter 29660: loss=0.6589 (running=0.6308) lr=7.31e-05
iter 29670: loss=0.6717 (running=0.6318) lr=7.31e-05
iter 29680: loss=0.6721 (running=0.6205) lr=7.30e-05
iter 29690: loss=0.7015 (running=0.6190) lr=7.29e-05
iter 29700: loss=0.7511 (running=0.6207) lr=7.28e-05
iter 29710: loss=0.7186 (running=0.6231) lr=7.27e-05
iter 29720: loss=0.7214 (running=0.6250) lr=7.27e-05
iter 29730: loss=0.6969 (running=0.6202) lr=7.26e-05
iter 29740: loss=0.6165 (running=0.6204) lr=7.25e-05
iter 29750: loss=0.5405 (running=0.6240) lr=7.24e-05
iter 29760: loss=0.7630 (running=0.6274) lr=7.24e-05
iter 29770: loss=0.5906 (running=0.6263) lr=7.23e-05
iter 29780: loss=0.5769 (running=0.6229) lr=7.22e-05
iter 29790: loss=0.6652 (running=0.6241) lr=7.21e-05
iter 29800: loss=0.6534 (running=0.6318) lr=7.20e-05
iter 29810: loss=0.7064 (running=0.6322) lr=7.20e-05
iter 29820: loss=0.6125 (running=0.6254) lr=7.19e-05
iter 29830: loss=0.7269 (running=0.6318) lr=7.18e-05
iter 29840: loss=0.5325 (running=0.6283) lr=7.17e-05
iter 29850: loss=0.6460 (running=0.6332) lr=7.17e-05
iter 29860: loss=0.5655 (running=0.6368) lr=7.16e-05
iter 29870: loss=0.5675 (running=0.6320) lr=7.15e-05
iter 29880: loss=0.7449 (running=0.6307) lr=7.14e-05
iter 29890: loss=0.6660 (running=0.6275) lr=7.13e-05
iter 29900: loss=0.6247 (running=0.6305) lr=7.13e-05
iter 29910: loss=0.6981 (running=0.6250) lr=7.12e-05
iter 29920: loss=0.6527 (running=0.6316) lr=7.11e-05
iter 29930: loss=0.5578 (running=0.6292) lr=7.10e-05
iter 29940: loss=0.6443 (running=0.6297) lr=7.10e-05
iter 29950: loss=0.7828 (running=0.6307) lr=7.09e-05
iter 29960: loss=0.6079 (running=0.6339) lr=7.08e-05
iter 29970: loss=0.6643 (running=0.6317) lr=7.07e-05
iter 29980: loss=0.6051 (running=0.6268) lr=7.06e-05
iter 29990: loss=0.7130 (running=0.6290) lr=7.06e-05
[eval] iter 30000: train_loss=0.5503 val_loss=0.6109 lr=7.05e-05 elapsed=32458s
  saved checkpoint -> checkpoints/ckpt.pt (val_loss=0.6109)
[sample] iter 30000:
------------------------------------------------------------
public class TestException {
    public static void main(String[] args) throws Exception {
        // Create a list of all tests for failing tests.
        List<String> finalArgs = new ArrayList<>();

        // Create a list of test cases for failing tests.
        String[] testCases 
------------------------------------------------------------
iter 30000: loss=0.6816 (running=0.6254) lr=7.05e-05
iter 30010: loss=0.6507 (running=0.6219) lr=7.04e-05
iter 30020: loss=0.4958 (running=0.6162) lr=7.03e-05
iter 30030: loss=0.5393 (running=0.6176) lr=7.03e-05
iter 30040: loss=0.7267 (running=0.6139) lr=7.02e-05
iter 30050: loss=0.6133 (running=0.6123) lr=7.01e-05
iter 30060: loss=0.5393 (running=0.6097) lr=7.00e-05
iter 30070: loss=0.5953 (running=0.6200) lr=7.00e-05
iter 30080: loss=0.4858 (running=0.6163) lr=6.99e-05
iter 30090: loss=0.6032 (running=0.6199) lr=6.98e-05
iter 30100: loss=0.5539 (running=0.6258) lr=6.97e-05
iter 30110: loss=0.5138 (running=0.6184) lr=6.97e-05
iter 30120: loss=0.6612 (running=0.6201) lr=6.96e-05
iter 30130: loss=0.5999 (running=0.6173) lr=6.95e-05
iter 30140: loss=0.6277 (running=0.6142) lr=6.94e-05
iter 30150: loss=0.5933 (running=0.6127) lr=6.94e-05
iter 30160: loss=0.6338 (running=0.6126) lr=6.93e-05
iter 30170: loss=0.6726 (running=0.6201) lr=6.92e-05
iter 30180: loss=0.5473 (running=0.6149) lr=6.91e-05
iter 30190: loss=0.6760 (running=0.6086) lr=6.90e-05
iter 30200: loss=0.5916 (running=0.6177) lr=6.90e-05
iter 30210: loss=0.6439 (running=0.6171) lr=6.89e-05
iter 30220: loss=0.7806 (running=0.6208) lr=6.88e-05
iter 30230: loss=0.6193 (running=0.6180) lr=6.87e-05
iter 30240: loss=0.6340 (running=0.6178) lr=6.87e-05
iter 30250: loss=0.5293 (running=0.6095) lr=6.86e-05
iter 30260: loss=0.5107 (running=0.6041) lr=6.85e-05
iter 30270: loss=0.6306 (running=0.6010) lr=6.84e-05
iter 30280: loss=0.6035 (running=0.6007) lr=6.84e-05
iter 30290: loss=0.5360 (running=0.6075) lr=6.83e-05
iter 30300: loss=0.5667 (running=0.6084) lr=6.82e-05
iter 30310: loss=0.6288 (running=0.6056) lr=6.81e-05
iter 30320: loss=0.6141 (running=0.6125) lr=6.81e-05
iter 30330: loss=0.6443 (running=0.6127) lr=6.80e-05
iter 30340: loss=0.5530 (running=0.6097) lr=6.79e-05
iter 30350: loss=0.5032 (running=0.6157) lr=6.78e-05
iter 30360: loss=0.5556 (running=0.6118) lr=6.78e-05
iter 30370: loss=0.7684 (running=0.6122) lr=6.77e-05
iter 30380: loss=0.5565 (running=0.6111) lr=6.76e-05
iter 30390: loss=0.5870 (running=0.6113) lr=6.75e-05
iter 30400: loss=0.5532 (running=0.6113) lr=6.75e-05
iter 30410: loss=0.4816 (running=0.6101) lr=6.74e-05
iter 30420: loss=0.6144 (running=0.6028) lr=6.73e-05
iter 30430: loss=0.5984 (running=0.6102) lr=6.73e-05
iter 30440: loss=0.6364 (running=0.6099) lr=6.72e-05
iter 30450: loss=0.6135 (running=0.6106) lr=6.71e-05
iter 30460: loss=0.6849 (running=0.6108) lr=6.70e-05
iter 30470: loss=0.7430 (running=0.6116) lr=6.70e-05
iter 30480: loss=0.6313 (running=0.6126) lr=6.69e-05
iter 30490: loss=0.5937 (running=0.6091) lr=6.68e-05
[eval] iter 30500: train_loss=0.5328 val_loss=0.6242 lr=6.67e-05 elapsed=32993s
iter 30500: loss=0.8178 (running=0.6136) lr=6.67e-05
iter 30510: loss=0.6417 (running=0.6126) lr=6.67e-05
iter 30520: loss=0.4975 (running=0.6120) lr=6.66e-05
iter 30530: loss=0.6607 (running=0.6074) lr=6.65e-05
iter 30540: loss=0.5754 (running=0.6051) lr=6.64e-05
iter 30550: loss=0.6250 (running=0.6026) lr=6.64e-05
iter 30560: loss=0.6021 (running=0.6060) lr=6.63e-05
iter 30570: loss=0.6714 (running=0.6036) lr=6.62e-05
iter 30580: loss=0.6794 (running=0.6071) lr=6.61e-05
iter 30590: loss=0.6919 (running=0.6105) lr=6.61e-05
iter 30600: loss=0.6596 (running=0.6121) lr=6.60e-05
iter 30610: loss=0.6228 (running=0.6123) lr=6.59e-05
iter 30620: loss=0.5711 (running=0.6165) lr=6.59e-05
iter 30630: loss=0.5561 (running=0.6150) lr=6.58e-05
iter 30640: loss=0.5730 (running=0.6152) lr=6.57e-05
iter 30650: loss=0.7079 (running=0.6209) lr=6.56e-05
iter 30660: loss=0.5951 (running=0.6170) lr=6.56e-05
iter 30670: loss=0.5229 (running=0.6172) lr=6.55e-05
iter 30680: loss=0.5950 (running=0.6198) lr=6.54e-05
iter 30690: loss=0.6526 (running=0.6198) lr=6.53e-05
iter 30700: loss=0.5817 (running=0.6181) lr=6.53e-05
iter 30710: loss=0.6429 (running=0.6160) lr=6.52e-05
iter 30720: loss=0.5778 (running=0.6188) lr=6.51e-05
iter 30730: loss=0.6655 (running=0.6172) lr=6.51e-05
iter 30740: loss=0.6439 (running=0.6192) lr=6.50e-05
iter 30750: loss=0.6236 (running=0.6196) lr=6.49e-05
iter 30760: loss=0.5955 (running=0.6174) lr=6.48e-05
iter 30770: loss=0.5361 (running=0.6098) lr=6.48e-05
iter 30780: loss=0.6840 (running=0.6161) lr=6.47e-05
iter 30790: loss=0.5534 (running=0.6176) lr=6.46e-05
iter 30800: loss=0.5051 (running=0.6192) lr=6.46e-05
iter 30810: loss=0.6202 (running=0.6162) lr=6.45e-05
iter 30820: loss=0.7766 (running=0.6169) lr=6.44e-05
iter 30830: loss=0.5992 (running=0.6158) lr=6.43e-05
iter 30840: loss=0.7814 (running=0.6169) lr=6.43e-05
iter 30850: loss=0.5813 (running=0.6205) lr=6.42e-05
iter 30860: loss=0.6771 (running=0.6206) lr=6.41e-05
iter 30870: loss=0.6025 (running=0.6204) lr=6.41e-05
iter 30880: loss=0.5559 (running=0.6094) lr=6.40e-05
iter 30890: loss=0.8105 (running=0.6155) lr=6.39e-05
iter 30900: loss=0.5931 (running=0.6127) lr=6.38e-05
iter 30910: loss=0.5490 (running=0.6093) lr=6.38e-05
iter 30920: loss=0.6140 (running=0.6151) lr=6.37e-05
iter 30930: loss=0.6547 (running=0.6160) lr=6.36e-05
iter 30940: loss=0.6438 (running=0.6200) lr=6.36e-05
iter 30950: loss=0.6705 (running=0.6178) lr=6.35e-05
iter 30960: loss=0.6133 (running=0.6172) lr=6.34e-05
iter 30970: loss=0.6172 (running=0.6206) lr=6.33e-05
iter 30980: loss=0.5871 (running=0.6166) lr=6.33e-05
iter 30990: loss=0.5234 (running=0.6154) lr=6.32e-05
[eval] iter 31000: train_loss=0.5393 val_loss=0.6132 lr=6.31e-05 elapsed=33527s
[sample] iter 31000:
------------------------------------------------------------
public class ClassFileLoadingLocking {
    private static final int BLOCK_SIZE = 5000;

    public static void main(String[] args) throws Exception {
        final String className = "BadClassFile";
        final Class<?> clazz = Class
------------------------------------------------------------
iter 31000: loss=0.6386 (running=0.6197) lr=6.31e-05
iter 31010: loss=0.6141 (running=0.6182) lr=6.31e-05
iter 31020: loss=0.4747 (running=0.6194) lr=6.30e-05
iter 31030: loss=0.6325 (running=0.6143) lr=6.29e-05
iter 31040: loss=0.5273 (running=0.6139) lr=6.29e-05
iter 31050: loss=0.6553 (running=0.6191) lr=6.28e-05
iter 31060: loss=0.5568 (running=0.6176) lr=6.27e-05
iter 31070: loss=0.6743 (running=0.6220) lr=6.26e-05
iter 31080: loss=0.6192 (running=0.6140) lr=6.26e-05
iter 31090: loss=0.5398 (running=0.6129) lr=6.25e-05
iter 31100: loss=0.5634 (running=0.6084) lr=6.24e-05
iter 31110: loss=0.5817 (running=0.6077) lr=6.24e-05
iter 31120: loss=0.5854 (running=0.6043) lr=6.23e-05
iter 31130: loss=0.6077 (running=0.6074) lr=6.22e-05
iter 31140: loss=0.7132 (running=0.6140) lr=6.22e-05
iter 31150: loss=0.6491 (running=0.6150) lr=6.21e-05
iter 31160: loss=0.6238 (running=0.6253) lr=6.20e-05
iter 31170: loss=0.6130 (running=0.6167) lr=6.19e-05
iter 31180: loss=0.4858 (running=0.6174) lr=6.19e-05
iter 31190: loss=0.7097 (running=0.6181) lr=6.18e-05
iter 31200: loss=0.5641 (running=0.6153) lr=6.17e-05
iter 31210: loss=0.7560 (running=0.6181) lr=6.17e-05
iter 31220: loss=0.6731 (running=0.6176) lr=6.16e-05
iter 31230: loss=0.5342 (running=0.6098) lr=6.15e-05
iter 31240: loss=0.6214 (running=0.6105) lr=6.15e-05
iter 31250: loss=0.6623 (running=0.6131) lr=6.14e-05
iter 31260: loss=0.6107 (running=0.6167) lr=6.13e-05
iter 31270: loss=0.5044 (running=0.6131) lr=6.13e-05
iter 31280: loss=0.4655 (running=0.6038) lr=6.12e-05
iter 31290: loss=0.5525 (running=0.6110) lr=6.11e-05
iter 31300: loss=0.6194 (running=0.6059) lr=6.10e-05
iter 31310: loss=0.7337 (running=0.6137) lr=6.10e-05
iter 31320: loss=0.7495 (running=0.6140) lr=6.09e-05
iter 31330: loss=0.6183 (running=0.6145) lr=6.08e-05
iter 31340: loss=0.5312 (running=0.6128) lr=6.08e-05
iter 31350: loss=0.5209 (running=0.6121) lr=6.07e-05
iter 31360: loss=0.5672 (running=0.6104) lr=6.06e-05
iter 31370: loss=0.5785 (running=0.6105) lr=6.06e-05
iter 31380: loss=0.6647 (running=0.6162) lr=6.05e-05
iter 31390: loss=0.7083 (running=0.6083) lr=6.04e-05
iter 31400: loss=0.6729 (running=0.6084) lr=6.04e-05
iter 31410: loss=0.5098 (running=0.6085) lr=6.03e-05
iter 31420: loss=0.6714 (running=0.6092) lr=6.02e-05
iter 31430: loss=0.6370 (running=0.6143) lr=6.02e-05
iter 31440: loss=0.6505 (running=0.6118) lr=6.01e-05
iter 31450: loss=0.6917 (running=0.6172) lr=6.00e-05
iter 31460: loss=0.6073 (running=0.6151) lr=6.00e-05
iter 31470: loss=0.5553 (running=0.6148) lr=5.99e-05
iter 31480: loss=0.7019 (running=0.6202) lr=5.98e-05
iter 31490: loss=0.7728 (running=0.6213) lr=5.98e-05
[eval] iter 31500: train_loss=0.5353 val_loss=0.5989 lr=5.97e-05 elapsed=34059s
  saved checkpoint -> checkpoints/ckpt.pt (val_loss=0.5989)
iter 31500: loss=0.5947 (running=0.6173) lr=5.97e-05
iter 31510: loss=0.5668 (running=0.6126) lr=5.96e-05
iter 31520: loss=0.5283 (running=0.6151) lr=5.96e-05
iter 31530: loss=0.6214 (running=0.6179) lr=5.95e-05
iter 31540: loss=0.5298 (running=0.6093) lr=5.94e-05
iter 31550: loss=0.5815 (running=0.6109) lr=5.94e-05
iter 31560: loss=0.6340 (running=0.6084) lr=5.93e-05
iter 31570: loss=0.6191 (running=0.6182) lr=5.92e-05
iter 31580: loss=0.5358 (running=0.6184) lr=5.92e-05
iter 31590: loss=0.4903 (running=0.6143) lr=5.91e-05
iter 31600: loss=0.4839 (running=0.6081) lr=5.90e-05
iter 31610: loss=0.6603 (running=0.6127) lr=5.90e-05
iter 31620: loss=0.7160 (running=0.6153) lr=5.89e-05
iter 31630: loss=0.6707 (running=0.6106) lr=5.88e-05
iter 31640: loss=0.5694 (running=0.6111) lr=5.88e-05
iter 31650: loss=0.6650 (running=0.6050) lr=5.87e-05
iter 31660: loss=0.5874 (running=0.6042) lr=5.86e-05
iter 31670: loss=0.6351 (running=0.6038) lr=5.86e-05
iter 31680: loss=0.5438 (running=0.6076) lr=5.85e-05
iter 31690: loss=0.6473 (running=0.6069) lr=5.84e-05
iter 31700: loss=0.5687 (running=0.6088) lr=5.84e-05
iter 31710: loss=0.7652 (running=0.6107) lr=5.83e-05
iter 31720: loss=0.6460 (running=0.6096) lr=5.82e-05
iter 31730: loss=0.6668 (running=0.6144) lr=5.82e-05
iter 31740: loss=0.5798 (running=0.6086) lr=5.81e-05
iter 31750: loss=0.7452 (running=0.6090) lr=5.80e-05
iter 31760: loss=0.6016 (running=0.6066) lr=5.80e-05
iter 31770: loss=0.5638 (running=0.6043) lr=5.79e-05
iter 31780: loss=0.6783 (running=0.6067) lr=5.78e-05
iter 31790: loss=0.7279 (running=0.6128) lr=5.78e-05
iter 31800: loss=0.5694 (running=0.6133) lr=5.77e-05
iter 31810: loss=0.7006 (running=0.6109) lr=5.76e-05
iter 31820: loss=0.4908 (running=0.6054) lr=5.76e-05
iter 31830: loss=0.6146 (running=0.5988) lr=5.75e-05
iter 31840: loss=0.7926 (running=0.6075) lr=5.74e-05
iter 31850: loss=0.7100 (running=0.6107) lr=5.74e-05
iter 31860: loss=0.5783 (running=0.6112) lr=5.73e-05
iter 31870: loss=0.6618 (running=0.6232) lr=5.73e-05
iter 31880: loss=0.5896 (running=0.6255) lr=5.72e-05
iter 31890: loss=0.5809 (running=0.6227) lr=5.71e-05
iter 31900: loss=0.6140 (running=0.6177) lr=5.71e-05
iter 31910: loss=0.5836 (running=0.6241) lr=5.70e-05
iter 31920: loss=0.6624 (running=0.6191) lr=5.69e-05
iter 31930: loss=0.6583 (running=0.6231) lr=5.69e-05
iter 31940: loss=0.6264 (running=0.6206) lr=5.68e-05
iter 31950: loss=0.6196 (running=0.6209) lr=5.67e-05
iter 31960: loss=0.6196 (running=0.6215) lr=5.67e-05
iter 31970: loss=0.7525 (running=0.6214) lr=5.66e-05
iter 31980: loss=0.6333 (running=0.6171) lr=5.65e-05
iter 31990: loss=0.4921 (running=0.6059) lr=5.65e-05
[eval] iter 32000: train_loss=0.5326 val_loss=0.6123 lr=5.64e-05 elapsed=34592s
[sample] iter 32000:
------------------------------------------------------------
public class TestTxFlatUninitializedThisException extends RuntimeException {
    public static Object m_float_1 = new Object();
    static long m_long_2 = new Object();
    static Object m_object_3 = new Object();


------------------------------------------------------------
iter 32000: loss=0.5956 (running=0.6083) lr=5.64e-05
iter 32010: loss=0.6730 (running=0.6115) lr=5.64e-05
iter 32020: loss=0.5625 (running=0.6067) lr=5.63e-05
iter 32030: loss=0.5750 (running=0.6045) lr=5.62e-05
iter 32040: loss=0.6049 (running=0.6069) lr=5.62e-05
iter 32050: loss=0.5168 (running=0.6052) lr=5.61e-05
iter 32060: loss=0.4950 (running=0.6028) lr=5.60e-05
iter 32070: loss=0.5931 (running=0.6065) lr=5.60e-05
iter 32080: loss=0.5772 (running=0.6078) lr=5.59e-05
iter 32090: loss=0.5890 (running=0.6027) lr=5.58e-05
iter 32100: loss=0.6644 (running=0.6023) lr=5.58e-05
iter 32110: loss=0.5719 (running=0.5990) lr=5.57e-05
iter 32120: loss=0.4957 (running=0.6020) lr=5.57e-05
iter 32130: loss=0.6699 (running=0.6001) lr=5.56e-05
iter 32140: loss=0.6590 (running=0.6008) lr=5.55e-05
iter 32150: loss=0.6157 (running=0.6104) lr=5.55e-05
iter 32160: loss=0.6365 (running=0.6102) lr=5.54e-05
iter 32170: loss=0.5573 (running=0.6113) lr=5.53e-05
iter 32180: loss=0.6315 (running=0.6096) lr=5.53e-05
iter 32190: loss=0.6193 (running=0.6086) lr=5.52e-05
iter 32200: loss=0.6611 (running=0.6091) lr=5.52e-05
iter 32210: loss=0.5601 (running=0.6075) lr=5.51e-05
iter 32220: loss=0.5672 (running=0.6144) lr=5.50e-05
iter 32230: loss=0.7425 (running=0.6163) lr=5.50e-05
iter 32240: loss=0.6257 (running=0.6105) lr=5.49e-05
iter 32250: loss=0.6093 (running=0.6093) lr=5.48e-05
iter 32260: loss=0.5807 (running=0.6102) lr=5.48e-05
iter 32270: loss=0.6763 (running=0.6179) lr=5.47e-05
iter 32280: loss=0.5660 (running=0.6181) lr=5.47e-05
iter 32290: loss=0.5861 (running=0.6124) lr=5.46e-05
iter 32300: loss=0.6624 (running=0.6111) lr=5.45e-05
iter 32310: loss=0.6786 (running=0.6157) lr=5.45e-05
iter 32320: loss=0.5988 (running=0.6156) lr=5.44e-05
iter 32330: loss=0.5728 (running=0.6130) lr=5.43e-05
iter 32340: loss=0.5726 (running=0.6083) lr=5.43e-05
iter 32350: loss=0.5995 (running=0.6072) lr=5.42e-05
iter 32360: loss=0.6948 (running=0.6107) lr=5.42e-05
iter 32370: loss=0.6083 (running=0.6090) lr=5.41e-05
iter 32380: loss=0.5732 (running=0.6089) lr=5.40e-05
iter 32390: loss=0.5429 (running=0.6009) lr=5.40e-05
iter 32400: loss=0.5086 (running=0.6000) lr=5.39e-05
iter 32410: loss=0.6671 (running=0.6008) lr=5.39e-05
iter 32420: loss=0.5948 (running=0.6021) lr=5.38e-05
iter 32430: loss=0.5878 (running=0.6029) lr=5.37e-05
iter 32440: loss=0.6730 (running=0.6057) lr=5.37e-05
iter 32450: loss=0.5089 (running=0.6079) lr=5.36e-05
iter 32460: loss=0.6299 (running=0.6077) lr=5.36e-05
iter 32470: loss=0.7052 (running=0.6156) lr=5.35e-05
iter 32480: loss=0.7182 (running=0.6161) lr=5.34e-05
iter 32490: loss=0.6317 (running=0.6090) lr=5.34e-05
[eval] iter 32500: train_loss=0.5300 val_loss=0.6045 lr=5.33e-05 elapsed=35125s
iter 32500: loss=0.6093 (running=0.6097) lr=5.33e-05
iter 32510: loss=0.4958 (running=0.6071) lr=5.33e-05
iter 32520: loss=0.6198 (running=0.6089) lr=5.32e-05
iter 32530: loss=0.6535 (running=0.6072) lr=5.31e-05
iter 32540: loss=0.5823 (running=0.6078) lr=5.31e-05
iter 32550: loss=0.6104 (running=0.6044) lr=5.30e-05
iter 32560: loss=0.5370 (running=0.6022) lr=5.30e-05
iter 32570: loss=0.5564 (running=0.6003) lr=5.29e-05
iter 32580: loss=0.5151 (running=0.5978) lr=5.28e-05
iter 32590: loss=0.5431 (running=0.5948) lr=5.28e-05
iter 32600: loss=0.5053 (running=0.5949) lr=5.27e-05
iter 32610: loss=0.5288 (running=0.5941) lr=5.27e-05
iter 32620: loss=0.7145 (running=0.5985) lr=5.26e-05
iter 32630: loss=0.6465 (running=0.6024) lr=5.25e-05
iter 32640: loss=0.5758 (running=0.6008) lr=5.25e-05
iter 32650: loss=0.6130 (running=0.5995) lr=5.24e-05
iter 32660: loss=0.5242 (running=0.5986) lr=5.24e-05
iter 32670: loss=0.5868 (running=0.6025) lr=5.23e-05
iter 32680: loss=0.4774 (running=0.6045) lr=5.22e-05
iter 32690: loss=0.5969 (running=0.6078) lr=5.22e-05
iter 32700: loss=0.5722 (running=0.6059) lr=5.21e-05
iter 32710: loss=0.5174 (running=0.6033) lr=5.21e-05
iter 32720: loss=0.6071 (running=0.6053) lr=5.20e-05
iter 32730: loss=0.5347 (running=0.5993) lr=5.19e-05
iter 32740: loss=0.5461 (running=0.6000) lr=5.19e-05
iter 32750: loss=0.6961 (running=0.5953) lr=5.18e-05
iter 32760: loss=0.5607 (running=0.5969) lr=5.18e-05
iter 32770: loss=0.6635 (running=0.6023) lr=5.17e-05
iter 32780: loss=0.5969 (running=0.5991) lr=5.17e-05
iter 32790: loss=0.5563 (running=0.5969) lr=5.16e-05
iter 32800: loss=0.7043 (running=0.5994) lr=5.15e-05
iter 32810: loss=0.5415 (running=0.5997) lr=5.15e-05
iter 32820: loss=0.6292 (running=0.5938) lr=5.14e-05
iter 32830: loss=0.5255 (running=0.5954) lr=5.14e-05
iter 32840: loss=0.5359 (running=0.5950) lr=5.13e-05
iter 32850: loss=0.5060 (running=0.5947) lr=5.12e-05
iter 32860: loss=0.4454 (running=0.5969) lr=5.12e-05
iter 32870: loss=0.5676 (running=0.5921) lr=5.11e-05
iter 32880: loss=0.5102 (running=0.5916) lr=5.11e-05
iter 32890: loss=0.7429 (running=0.5944) lr=5.10e-05
iter 32900: loss=0.6496 (running=0.5969) lr=5.10e-05
iter 32910: loss=0.7980 (running=0.5985) lr=5.09e-05
iter 32920: loss=0.5770 (running=0.5942) lr=5.08e-05
iter 32930: loss=0.5486 (running=0.5931) lr=5.08e-05
iter 32940: loss=0.5076 (running=0.5914) lr=5.07e-05
iter 32950: loss=0.6336 (running=0.5939) lr=5.07e-05
iter 32960: loss=0.5048 (running=0.5969) lr=5.06e-05
iter 32970: loss=0.6751 (running=0.6003) lr=5.06e-05
iter 32980: loss=0.5886 (running=0.6010) lr=5.05e-05
iter 32990: loss=0.5964 (running=0.6012) lr=5.04e-05
[eval] iter 33000: train_loss=0.5232 val_loss=0.5927 lr=5.04e-05 elapsed=35658s
  saved checkpoint -> checkpoints/ckpt.pt (val_loss=0.5927)
[sample] iter 33000:
------------------------------------------------------------
public class CustomCollectionTest {

  private static final Logger logger = LoggerFactory.getLogger(CustomCollectionTest.class);

  private final String foo = "foo";

  @Test
  void addObject() {
    assertEquals("foo=1", foo.getClass().getSimpleName
------------------------------------------------------------
iter 33000: loss=0.6086 (running=0.5985) lr=5.04e-05
iter 33010: loss=0.6383 (running=0.6036) lr=5.03e-05
iter 33020: loss=0.5182 (running=0.6032) lr=5.03e-05
iter 33030: loss=0.6725 (running=0.5973) lr=5.02e-05
iter 33040: loss=0.6071 (running=0.6037) lr=5.02e-05
iter 33050: loss=0.6142 (running=0.6068) lr=5.01e-05
iter 33060: loss=0.6803 (running=0.6098) lr=5.00e-05
iter 33070: loss=0.5446 (running=0.6060) lr=5.00e-05
iter 33080: loss=0.5188 (running=0.6049) lr=4.99e-05
iter 33090: loss=0.5203 (running=0.6123) lr=4.99e-05
iter 33100: loss=0.6415 (running=0.6108) lr=4.98e-05
iter 33110: loss=0.6075 (running=0.6091) lr=4.98e-05
iter 33120: loss=0.6885 (running=0.6047) lr=4.97e-05
iter 33130: loss=0.5496 (running=0.6067) lr=4.97e-05
iter 33140: loss=0.6151 (running=0.6048) lr=4.96e-05
iter 33150: loss=0.7020 (running=0.6053) lr=4.95e-05
iter 33160: loss=0.5865 (running=0.6010) lr=4.95e-05
iter 33170: loss=0.5441 (running=0.5968) lr=4.94e-05
iter 33180: loss=0.7083 (running=0.5981) lr=4.94e-05
iter 33190: loss=0.5859 (running=0.6013) lr=4.93e-05
iter 33200: loss=0.6070 (running=0.6042) lr=4.93e-05
iter 33210: loss=0.6411 (running=0.6059) lr=4.92e-05
iter 33220: loss=0.4940 (running=0.6076) lr=4.92e-05
iter 33230: loss=0.5874 (running=0.6074) lr=4.91e-05
iter 33240: loss=0.6648 (running=0.6061) lr=4.90e-05
iter 33250: loss=0.5540 (running=0.5999) lr=4.90e-05
iter 33260: loss=0.5931 (running=0.5966) lr=4.89e-05
iter 33270: loss=0.6676 (running=0.6023) lr=4.89e-05
iter 33280: loss=0.6072 (running=0.6037) lr=4.88e-05
iter 33290: loss=0.4638 (running=0.5971) lr=4.88e-05
iter 33300: loss=0.5192 (running=0.5969) lr=4.87e-05
iter 33310: loss=0.5547 (running=0.5941) lr=4.87e-05
iter 33320: loss=0.5291 (running=0.5964) lr=4.86e-05
iter 33330: loss=0.6597 (running=0.5924) lr=4.86e-05
iter 33340: loss=0.6326 (running=0.5879) lr=4.85e-05
iter 33350: loss=0.4680 (running=0.5839) lr=4.84e-05
iter 33360: loss=0.5449 (running=0.5927) lr=4.84e-05
iter 33370: loss=0.6224 (running=0.5964) lr=4.83e-05
iter 33380: loss=0.6366 (running=0.5953) lr=4.83e-05
iter 33390: loss=0.5702 (running=0.5998) lr=4.82e-05
iter 33400: loss=0.5026 (running=0.5979) lr=4.82e-05
iter 33410: loss=0.6792 (running=0.5980) lr=4.81e-05
iter 33420: loss=0.6689 (running=0.6009) lr=4.81e-05
iter 33430: loss=0.5598 (running=0.5957) lr=4.80e-05
iter 33440: loss=0.5720 (running=0.5906) lr=4.80e-05
iter 33450: loss=0.6118 (running=0.5969) lr=4.79e-05
iter 33460: loss=0.5371 (running=0.6024) lr=4.79e-05
iter 33470: loss=0.6745 (running=0.5999) lr=4.78e-05
iter 33480: loss=0.6942 (running=0.5944) lr=4.77e-05
iter 33490: loss=0.5525 (running=0.5942) lr=4.77e-05
[eval] iter 33500: train_loss=0.5107 val_loss=0.5872 lr=4.76e-05 elapsed=36192s
  saved checkpoint -> checkpoints/ckpt.pt (val_loss=0.5872)
iter 33500: loss=0.6628 (running=0.6066) lr=4.76e-05
iter 33510: loss=0.4998 (running=0.5984) lr=4.76e-05
iter 33520: loss=0.5229 (running=0.5984) lr=4.75e-05
iter 33530: loss=0.6316 (running=0.5981) lr=4.75e-05
iter 33540: loss=0.5210 (running=0.6021) lr=4.74e-05
iter 33550: loss=0.5564 (running=0.6021) lr=4.74e-05
iter 33560: loss=0.5134 (running=0.5998) lr=4.73e-05
iter 33570: loss=0.5666 (running=0.5965) lr=4.73e-05
iter 33580: loss=0.5106 (running=0.5957) lr=4.72e-05
iter 33590: loss=0.5839 (running=0.5949) lr=4.72e-05
iter 33600: loss=0.6753 (running=0.5945) lr=4.71e-05
iter 33610: loss=0.6410 (running=0.5894) lr=4.71e-05
iter 33620: loss=0.5997 (running=0.5877) lr=4.70e-05
iter 33630: loss=0.7262 (running=0.5963) lr=4.70e-05
iter 33640: loss=0.6088 (running=0.5989) lr=4.69e-05
iter 33650: loss=0.6456 (running=0.5993) lr=4.69e-05
iter 33660: loss=0.5450 (running=0.6002) lr=4.68e-05
iter 33670: loss=0.5964 (running=0.5966) lr=4.68e-05
iter 33680: loss=0.5857 (running=0.5943) lr=4.67e-05
iter 33690: loss=0.6890 (running=0.5963) lr=4.66e-05
iter 33700: loss=0.5789 (running=0.6045) lr=4.66e-05
iter 33710: loss=0.5364 (running=0.5963) lr=4.65e-05
iter 33720: loss=0.5750 (running=0.5960) lr=4.65e-05
iter 33730: loss=0.6108 (running=0.6060) lr=4.64e-05
iter 33740: loss=0.5393 (running=0.6068) lr=4.64e-05
iter 33750: loss=0.6229 (running=0.6092) lr=4.63e-05
iter 33760: loss=0.5922 (running=0.6066) lr=4.63e-05
iter 33770: loss=0.5671 (running=0.6065) lr=4.62e-05
iter 33780: loss=0.7412 (running=0.6110) lr=4.62e-05
iter 33790: loss=0.6027 (running=0.6137) lr=4.61e-05
iter 33800: loss=0.6501 (running=0.6102) lr=4.61e-05
iter 33810: loss=0.6606 (running=0.6086) lr=4.60e-05
iter 33820: loss=0.6297 (running=0.6055) lr=4.60e-05
iter 33830: loss=0.6585 (running=0.6070) lr=4.59e-05
iter 33840: loss=0.6300 (running=0.6052) lr=4.59e-05
iter 33850: loss=0.6119 (running=0.5978) lr=4.58e-05
iter 33860: loss=0.5347 (running=0.5912) lr=4.58e-05
iter 33870: loss=0.5112 (running=0.5934) lr=4.57e-05
iter 33880: loss=0.6292 (running=0.5936) lr=4.57e-05
iter 33890: loss=0.7108 (running=0.5977) lr=4.56e-05
iter 33900: loss=0.5972 (running=0.6004) lr=4.56e-05
iter 33910: loss=0.5800 (running=0.6024) lr=4.55e-05
iter 33920: loss=0.5397 (running=0.5983) lr=4.55e-05
iter 33930: loss=0.7513 (running=0.5994) lr=4.54e-05
iter 33940: loss=0.5823 (running=0.6021) lr=4.54e-05
iter 33950: loss=0.6207 (running=0.5991) lr=4.53e-05
iter 33960: loss=0.6893 (running=0.6074) lr=4.53e-05
iter 33970: loss=0.5873 (running=0.6047) lr=4.52e-05
iter 33980: loss=0.5920 (running=0.6046) lr=4.52e-05
iter 33990: loss=0.5970 (running=0.6000) lr=4.51e-05
[eval] iter 34000: train_loss=0.5259 val_loss=0.5975 lr=4.51e-05 elapsed=36733s
[sample] iter 34000:
------------------------------------------------------------
public class Gatherer implements Gatherer<T, Void, R>, Scenario<T, R> {
        final boolean gather_result_allowed;
        R result_ref_1 = null;
        R result_ref_2 = null;

        public Gatherer(boolean
------------------------------------------------------------
iter 34000: loss=0.5340 (running=0.5988) lr=4.51e-05
iter 34010: loss=0.4887 (running=0.5944) lr=4.50e-05
iter 34020: loss=0.5744 (running=0.5992) lr=4.50e-05
iter 34030: loss=0.5621 (running=0.6022) lr=4.49e-05
iter 34040: loss=0.5757 (running=0.5995) lr=4.49e-05
iter 34050: loss=0.6595 (running=0.6008) lr=4.48e-05
iter 34060: loss=0.5794 (running=0.5991) lr=4.48e-05
iter 34070: loss=0.5817 (running=0.6074) lr=4.47e-05
iter 34080: loss=0.5733 (running=0.6090) lr=4.47e-05
iter 34090: loss=0.4580 (running=0.6047) lr=4.46e-05
iter 34100: loss=0.5912 (running=0.6106) lr=4.46e-05
iter 34110: loss=0.7054 (running=0.6133) lr=4.45e-05
iter 34120: loss=0.6179 (running=0.6036) lr=4.45e-05
iter 34130: loss=0.6044 (running=0.5997) lr=4.44e-05
iter 34140: loss=0.6654 (running=0.6001) lr=4.44e-05
iter 34150: loss=0.5738 (running=0.6016) lr=4.44e-05
iter 34160: loss=0.5746 (running=0.6047) lr=4.43e-05
iter 34170: loss=0.6192 (running=0.6049) lr=4.43e-05
iter 34180: loss=0.6375 (running=0.6097) lr=4.42e-05
iter 34190: loss=0.6317 (running=0.6113) lr=4.42e-05
iter 34200: loss=0.5822 (running=0.6135) lr=4.41e-05
iter 34210: loss=0.5836 (running=0.6104) lr=4.41e-05
iter 34220: loss=0.5916 (running=0.6073) lr=4.40e-05
iter 34230: loss=0.5473 (running=0.6029) lr=4.40e-05
iter 34240: loss=0.6697 (running=0.6010) lr=4.39e-05
iter 34250: loss=0.5207 (running=0.6009) lr=4.39e-05
iter 34260: loss=0.5298 (running=0.6034) lr=4.38e-05
iter 34270: loss=0.6369 (running=0.6019) lr=4.38e-05
iter 34280: loss=0.5468 (running=0.5959) lr=4.37e-05
iter 34290: loss=0.6567 (running=0.5939) lr=4.37e-05
iter 34300: loss=0.4706 (running=0.5936) lr=4.36e-05
iter 34310: loss=0.6020 (running=0.5962) lr=4.36e-05
iter 34320: loss=0.6076 (running=0.5976) lr=4.35e-05
iter 34330: loss=0.6235 (running=0.6053) lr=4.35e-05
iter 34340: loss=0.5606 (running=0.5966) lr=4.34e-05
iter 34350: loss=0.6599 (running=0.6020) lr=4.34e-05
iter 34360: loss=0.5666 (running=0.6048) lr=4.34e-05
iter 34370: loss=0.5588 (running=0.6032) lr=4.33e-05
iter 34380: loss=0.5288 (running=0.5990) lr=4.33e-05
iter 34390: loss=0.6828 (running=0.6007) lr=4.32e-05
iter 34400: loss=0.5077 (running=0.5968) lr=4.32e-05
iter 34410: loss=0.5692 (running=0.6016) lr=4.31e-05
iter 34420: loss=0.4712 (running=0.6022) lr=4.31e-05
iter 34430: loss=0.5816 (running=0.5989) lr=4.30e-05
iter 34440: loss=0.6148 (running=0.5954) lr=4.30e-05
iter 34450: loss=0.5070 (running=0.5984) lr=4.29e-05
iter 34460: loss=0.6279 (running=0.6054) lr=4.29e-05
iter 34470: loss=0.6263 (running=0.6090) lr=4.28e-05
iter 34480: loss=0.6875 (running=0.6097) lr=4.28e-05
iter 34490: loss=0.6670 (running=0.6116) lr=4.28e-05
[eval] iter 34500: train_loss=0.5180 val_loss=0.5913 lr=4.27e-05 elapsed=37268s
iter 34500: loss=0.6667 (running=0.6101) lr=4.27e-05
iter 34510: loss=0.6982 (running=0.6120) lr=4.27e-05
iter 34520: loss=0.5513 (running=0.6088) lr=4.26e-05
iter 34530: loss=0.5826 (running=0.6071) lr=4.26e-05
iter 34540: loss=0.5833 (running=0.6044) lr=4.25e-05
iter 34550: loss=0.5013 (running=0.6072) lr=4.25e-05
iter 34560: loss=0.6153 (running=0.6067) lr=4.24e-05
iter 34570: loss=0.4974 (running=0.5999) lr=4.24e-05
iter 34580: loss=0.5545 (running=0.6041) lr=4.24e-05
iter 34590: loss=0.5713 (running=0.6003) lr=4.23e-05
iter 34600: loss=0.5382 (running=0.5916) lr=4.23e-05
iter 34610: loss=0.5587 (running=0.5861) lr=4.22e-05
iter 34620: loss=0.6432 (running=0.5868) lr=4.22e-05
iter 34630: loss=0.6535 (running=0.5919) lr=4.21e-05
iter 34640: loss=0.6057 (running=0.5903) lr=4.21e-05
iter 34650: loss=0.5450 (running=0.5942) lr=4.20e-05
iter 34660: loss=0.4846 (running=0.5953) lr=4.20e-05
iter 34670: loss=0.5881 (running=0.5964) lr=4.19e-05
iter 34680: loss=0.6611 (running=0.5996) lr=4.19e-05
iter 34690: loss=0.5111 (running=0.5920) lr=4.19e-05
iter 34700: loss=0.6368 (running=0.5940) lr=4.18e-05
iter 34710: loss=0.7298 (running=0.6007) lr=4.18e-05
iter 34720: loss=0.6372 (running=0.6039) lr=4.17e-05
iter 34730: loss=0.6396 (running=0.6000) lr=4.17e-05
iter 34740: loss=0.6410 (running=0.6005) lr=4.16e-05
iter 34750: loss=0.6222 (running=0.6073) lr=4.16e-05
iter 34760: loss=0.6334 (running=0.5993) lr=4.16e-05
iter 34770: loss=0.6571 (running=0.5980) lr=4.15e-05
iter 34780: loss=0.6462 (running=0.5985) lr=4.15e-05
iter 34790: loss=0.5743 (running=0.5915) lr=4.14e-05
iter 34800: loss=0.7020 (running=0.5932) lr=4.14e-05
iter 34810: loss=0.5583 (running=0.5935) lr=4.13e-05
iter 34820: loss=0.5007 (running=0.5866) lr=4.13e-05
iter 34830: loss=0.5792 (running=0.5828) lr=4.13e-05
iter 34840: loss=0.6000 (running=0.5921) lr=4.12e-05
iter 34850: loss=0.5862 (running=0.5990) lr=4.12e-05
iter 34860: loss=0.4723 (running=0.5976) lr=4.11e-05
iter 34870: loss=0.5487 (running=0.5918) lr=4.11e-05
iter 34880: loss=0.6717 (running=0.5973) lr=4.10e-05
iter 34890: loss=0.5063 (running=0.5941) lr=4.10e-05
iter 34900: loss=0.6973 (running=0.5940) lr=4.10e-05
iter 34910: loss=0.5783 (running=0.5944) lr=4.09e-05
iter 34920: loss=0.6494 (running=0.5896) lr=4.09e-05
iter 34930: loss=0.6604 (running=0.5896) lr=4.08e-05
iter 34940: loss=0.6493 (running=0.5947) lr=4.08e-05
iter 34950: loss=0.5805 (running=0.5928) lr=4.07e-05
iter 34960: loss=0.6073 (running=0.5920) lr=4.07e-05
iter 34970: loss=0.6823 (running=0.5920) lr=4.07e-05
iter 34980: loss=0.7168 (running=0.5916) lr=4.06e-05
iter 34990: loss=0.5226 (running=0.5922) lr=4.06e-05
[eval] iter 35000: train_loss=0.5187 val_loss=0.5929 lr=4.05e-05 elapsed=37800s
[sample] iter 35000:
------------------------------------------------------------
public class MultiModuleTest extends ModuleTestBase {

    public static void main(String[] args) throws Exception {
        new MultiModuleTest().run(args);
    }

    @Test
    public void testDefaultModule() throws Exception {
        testDefaultModule(false)
------------------------------------------------------------
iter 35000: loss=0.5523 (running=0.5951) lr=4.05e-05
iter 35010: loss=0.7402 (running=0.6000) lr=4.05e-05
iter 35020: loss=0.4946 (running=0.5975) lr=4.05e-05
iter 35030: loss=0.5246 (running=0.6015) lr=4.04e-05
iter 35040: loss=0.6437 (running=0.6003) lr=4.04e-05
iter 35050: loss=0.7131 (running=0.5984) lr=4.03e-05
iter 35060: loss=0.5863 (running=0.5963) lr=4.03e-05
iter 35070: loss=0.5773 (running=0.5969) lr=4.02e-05
iter 35080: loss=0.5688 (running=0.5988) lr=4.02e-05
iter 35090: loss=0.7018 (running=0.6001) lr=4.02e-05
iter 35100: loss=0.5026 (running=0.5985) lr=4.01e-05
iter 35110: loss=0.5306 (running=0.5996) lr=4.01e-05
iter 35120: loss=0.6518 (running=0.6023) lr=4.00e-05
iter 35130: loss=0.5579 (running=0.5992) lr=4.00e-05
iter 35140: loss=0.5626 (running=0.6000) lr=4.00e-05
iter 35150: loss=0.5851 (running=0.5933) lr=3.99e-05
iter 35160: loss=0.6232 (running=0.5974) lr=3.99e-05
iter 35170: loss=0.5812 (running=0.5970) lr=3.98e-05
iter 35180: loss=0.4790 (running=0.5984) lr=3.98e-05
iter 35190: loss=0.6057 (running=0.5977) lr=3.98e-05
iter 35200: loss=0.4963 (running=0.5957) lr=3.97e-05
iter 35210: loss=0.5702 (running=0.6023) lr=3.97e-05
iter 35220: loss=0.7408 (running=0.6010) lr=3.96e-05
iter 35230: loss=0.5538 (running=0.5975) lr=3.96e-05
iter 35240: loss=0.5065 (running=0.5932) lr=3.96e-05
iter 35250: loss=0.6132 (running=0.5996) lr=3.95e-05
iter 35260: loss=0.7996 (running=0.6038) lr=3.95e-05
iter 35270: loss=0.7304 (running=0.6042) lr=3.94e-05
iter 35280: loss=0.5993 (running=0.5974) lr=3.94e-05
iter 35290: loss=0.5212 (running=0.5925) lr=3.94e-05
iter 35300: loss=0.6297 (running=0.5920) lr=3.93e-05
iter 35310: loss=0.6642 (running=0.5861) lr=3.93e-05
iter 35320: loss=0.4686 (running=0.5837) lr=3.92e-05
iter 35330: loss=0.5507 (running=0.5813) lr=3.92e-05
iter 35340: loss=0.5354 (running=0.5805) lr=3.92e-05
iter 35350: loss=0.6313 (running=0.5860) lr=3.91e-05
iter 35360: loss=0.6453 (running=0.5898) lr=3.91e-05
iter 35370: loss=0.5791 (running=0.5950) lr=3.91e-05
iter 35380: loss=0.5938 (running=0.5920) lr=3.90e-05
iter 35390: loss=0.4967 (running=0.5882) lr=3.90e-05
iter 35400: loss=0.5724 (running=0.5870) lr=3.89e-05
iter 35410: loss=0.6268 (running=0.5893) lr=3.89e-05
iter 35420: loss=0.6185 (running=0.5908) lr=3.89e-05
iter 35430: loss=0.5945 (running=0.5943) lr=3.88e-05
iter 35440: loss=0.5793 (running=0.5986) lr=3.88e-05
iter 35450: loss=0.5696 (running=0.5967) lr=3.87e-05
iter 35460: loss=0.5972 (running=0.5991) lr=3.87e-05
iter 35470: loss=0.6100 (running=0.6011) lr=3.87e-05
iter 35480: loss=0.5077 (running=0.5978) lr=3.86e-05
iter 35490: loss=0.5533 (running=0.5987) lr=3.86e-05
[eval] iter 35500: train_loss=0.5128 val_loss=0.5967 lr=3.86e-05 elapsed=38334s
iter 35500: loss=0.5657 (running=0.6013) lr=3.86e-05
iter 35510: loss=0.6257 (running=0.5976) lr=3.85e-05
iter 35520: loss=0.6113 (running=0.6017) lr=3.85e-05
iter 35530: loss=0.6806 (running=0.6065) lr=3.84e-05
iter 35540: loss=0.6057 (running=0.6047) lr=3.84e-05
iter 35550: loss=0.4988 (running=0.6021) lr=3.84e-05
iter 35560: loss=0.5443 (running=0.6116) lr=3.83e-05
iter 35570: loss=0.5018 (running=0.6107) lr=3.83e-05
iter 35580: loss=0.6243 (running=0.6062) lr=3.83e-05
iter 35590: loss=0.5637 (running=0.6010) lr=3.82e-05
iter 35600: loss=0.6791 (running=0.6019) lr=3.82e-05
iter 35610: loss=0.5628 (running=0.5976) lr=3.81e-05
iter 35620: loss=0.7204 (running=0.5990) lr=3.81e-05
iter 35630: loss=0.5474 (running=0.5967) lr=3.81e-05
iter 35640: loss=0.6132 (running=0.5999) lr=3.80e-05
iter 35650: loss=0.5193 (running=0.5962) lr=3.80e-05
iter 35660: loss=0.5411 (running=0.5970) lr=3.80e-05
iter 35670: loss=0.5358 (running=0.5913) lr=3.79e-05
iter 35680: loss=0.6726 (running=0.5915) lr=3.79e-05
iter 35690: loss=0.6932 (running=0.6000) lr=3.79e-05
iter 35700: loss=0.6038 (running=0.5989) lr=3.78e-05
iter 35710: loss=0.5665 (running=0.5907) lr=3.78e-05
iter 35720: loss=0.6845 (running=0.5854) lr=3.77e-05
iter 35730: loss=0.5898 (running=0.5873) lr=3.77e-05
iter 35740: loss=0.6029 (running=0.5865) lr=3.77e-05
iter 35750: loss=0.5404 (running=0.5877) lr=3.76e-05
iter 35760: loss=0.5788 (running=0.5906) lr=3.76e-05
iter 35770: loss=0.6291 (running=0.5897) lr=3.76e-05
iter 35780: loss=0.5156 (running=0.5862) lr=3.75e-05
iter 35790: loss=0.6078 (running=0.5934) lr=3.75e-05
iter 35800: loss=0.7017 (running=0.5999) lr=3.75e-05
iter 35810: loss=0.6200 (running=0.5985) lr=3.74e-05
iter 35820: loss=0.6288 (running=0.6026) lr=3.74e-05
iter 35830: loss=0.5211 (running=0.5947) lr=3.74e-05
iter 35840: loss=0.6378 (running=0.5933) lr=3.73e-05
iter 35850: loss=0.5202 (running=0.5921) lr=3.73e-05
iter 35860: loss=0.5797 (running=0.5983) lr=3.73e-05
iter 35870: loss=0.6602 (running=0.5987) lr=3.72e-05
iter 35880: loss=0.5629 (running=0.5962) lr=3.72e-05
iter 35890: loss=0.6547 (running=0.5955) lr=3.71e-05
iter 35900: loss=0.6655 (running=0.5984) lr=3.71e-05
iter 35910: loss=0.5693 (running=0.5982) lr=3.71e-05
iter 35920: loss=0.6508 (running=0.5989) lr=3.70e-05
iter 35930: loss=0.4253 (running=0.5993) lr=3.70e-05
iter 35940: loss=0.5601 (running=0.6037) lr=3.70e-05
iter 35950: loss=0.6033 (running=0.6026) lr=3.69e-05
iter 35960: loss=0.4975 (running=0.5955) lr=3.69e-05
iter 35970: loss=0.6621 (running=0.5996) lr=3.69e-05
iter 35980: loss=0.5939 (running=0.5960) lr=3.68e-05
iter 35990: loss=0.5768 (running=0.5975) lr=3.68e-05
[eval] iter 36000: train_loss=0.5107 val_loss=0.5962 lr=3.68e-05 elapsed=38860s
[sample] iter 36000:
------------------------------------------------------------
public class AmbiguousConnectionId implements ConnectionId {

	private static final String ID = "AmbiguousConnectionId";
	private static final String CLOSE_ID = "CLOSE";
	private static final String ID = "AmbiguousConnectionId";

------------------------------------------------------------
iter 36000: loss=0.5783 (running=0.5890) lr=3.68e-05
iter 36010: loss=0.6365 (running=0.5869) lr=3.67e-05
iter 36020: loss=0.5429 (running=0.5846) lr=3.67e-05
iter 36030: loss=0.6681 (running=0.5908) lr=3.67e-05
iter 36040: loss=0.6211 (running=0.5936) lr=3.66e-05
iter 36050: loss=0.5476 (running=0.5919) lr=3.66e-05
iter 36060: loss=0.6756 (running=0.5907) lr=3.66e-05
iter 36070: loss=0.5972 (running=0.5855) lr=3.65e-05
iter 36080: loss=0.5470 (running=0.5810) lr=3.65e-05
iter 36090: loss=0.5220 (running=0.5792) lr=3.65e-05
iter 36100: loss=0.5550 (running=0.5870) lr=3.64e-05
iter 36110: loss=0.5152 (running=0.5817) lr=3.64e-05
iter 36120: loss=0.5920 (running=0.5887) lr=3.64e-05
iter 36130: loss=0.5196 (running=0.5838) lr=3.63e-05
iter 36140: loss=0.4212 (running=0.5885) lr=3.63e-05
iter 36150: loss=0.5561 (running=0.5855) lr=3.63e-05
iter 36160: loss=0.5372 (running=0.5803) lr=3.62e-05
iter 36170: loss=0.5123 (running=0.5889) lr=3.62e-05
iter 36180: loss=0.7066 (running=0.5914) lr=3.62e-05
iter 36190: loss=0.6036 (running=0.5904) lr=3.62e-05
iter 36200: loss=0.6816 (running=0.5908) lr=3.61e-05
iter 36210: loss=0.6612 (running=0.5941) lr=3.61e-05
iter 36220: loss=0.6366 (running=0.5928) lr=3.61e-05
iter 36230: loss=0.4736 (running=0.5920) lr=3.60e-05
iter 36240: loss=0.5491 (running=0.5900) lr=3.60e-05
iter 36250: loss=0.5882 (running=0.5835) lr=3.60e-05
iter 36260: loss=0.5484 (running=0.5878) lr=3.59e-05
iter 36270: loss=0.5898 (running=0.5895) lr=3.59e-05
iter 36280: loss=0.5598 (running=0.5894) lr=3.59e-05
iter 36290: loss=0.4874 (running=0.5861) lr=3.58e-05
iter 36300: loss=0.6205 (running=0.5909) lr=3.58e-05
iter 36310: loss=0.5764 (running=0.5844) lr=3.58e-05
iter 36320: loss=0.5785 (running=0.5799) lr=3.57e-05
iter 36330: loss=0.4666 (running=0.5842) lr=3.57e-05
iter 36340: loss=0.6947 (running=0.5822) lr=3.57e-05
iter 36350: loss=0.8285 (running=0.5868) lr=3.56e-05
iter 36360: loss=0.5525 (running=0.5827) lr=3.56e-05
iter 36370: loss=0.5853 (running=0.5880) lr=3.56e-05
iter 36380: loss=0.7963 (running=0.5949) lr=3.56e-05
iter 36390: loss=0.5812 (running=0.5918) lr=3.55e-05
iter 36400: loss=0.6873 (running=0.5952) lr=3.55e-05
iter 36410: loss=0.5318 (running=0.6032) lr=3.55e-05
iter 36420: loss=0.5125 (running=0.5988) lr=3.54e-05
iter 36430: loss=0.6765 (running=0.6032) lr=3.54e-05
iter 36440: loss=0.5844 (running=0.5996) lr=3.54e-05
iter 36450: loss=0.6214 (running=0.6021) lr=3.53e-05
iter 36460: loss=0.5492 (running=0.5936) lr=3.53e-05
iter 36470: loss=0.6589 (running=0.5936) lr=3.53e-05
iter 36480: loss=0.5048 (running=0.5924) lr=3.53e-05
iter 36490: loss=0.6656 (running=0.5904) lr=3.52e-05
[eval] iter 36500: train_loss=0.5154 val_loss=0.5871 lr=3.52e-05 elapsed=39390s
  saved checkpoint -> checkpoints/ckpt.pt (val_loss=0.5871)
iter 36500: loss=0.6379 (running=0.5968) lr=3.52e-05
iter 36510: loss=0.5743 (running=0.5954) lr=3.52e-05
iter 36520: loss=0.5365 (running=0.5890) lr=3.51e-05
iter 36530: loss=0.6139 (running=0.5937) lr=3.51e-05
iter 36540: loss=0.4901 (running=0.5891) lr=3.51e-05
iter 36550: loss=0.7011 (running=0.5969) lr=3.51e-05
iter 36560: loss=0.4986 (running=0.5901) lr=3.50e-05
iter 36570: loss=0.6091 (running=0.5884) lr=3.50e-05
iter 36580: loss=0.6703 (running=0.5920) lr=3.50e-05
iter 36590: loss=0.6720 (running=0.5896) lr=3.49e-05
iter 36600: loss=0.5840 (running=0.5953) lr=3.49e-05
iter 36610: loss=0.4343 (running=0.5914) lr=3.49e-05
iter 36620: loss=0.6049 (running=0.5970) lr=3.48e-05
iter 36630: loss=0.5644 (running=0.6028) lr=3.48e-05
iter 36640: loss=0.6190 (running=0.6020) lr=3.48e-05
iter 36650: loss=0.6170 (running=0.5998) lr=3.48e-05
iter 36660: loss=0.6390 (running=0.5930) lr=3.47e-05
iter 36670: loss=0.5964 (running=0.5890) lr=3.47e-05
iter 36680: loss=0.6046 (running=0.5926) lr=3.47e-05
iter 36690: loss=0.6190 (running=0.5923) lr=3.47e-05
iter 36700: loss=0.6060 (running=0.5931) lr=3.46e-05
iter 36710: loss=0.5652 (running=0.5919) lr=3.46e-05
iter 36720: loss=0.6213 (running=0.5945) lr=3.46e-05
iter 36730: loss=0.5805 (running=0.5946) lr=3.45e-05
iter 36740: loss=0.5873 (running=0.5920) lr=3.45e-05
iter 36750: loss=0.5759 (running=0.5891) lr=3.45e-05
iter 36760: loss=0.7500 (running=0.5881) lr=3.45e-05
iter 36770: loss=0.5310 (running=0.5876) lr=3.44e-05
iter 36780: loss=0.4465 (running=0.5853) lr=3.44e-05
iter 36790: loss=0.6218 (running=0.5915) lr=3.44e-05
iter 36800: loss=0.4077 (running=0.5864) lr=3.43e-05
iter 36810: loss=0.4815 (running=0.5863) lr=3.43e-05
iter 36820: loss=0.6027 (running=0.5856) lr=3.43e-05
iter 36830: loss=0.7193 (running=0.5863) lr=3.43e-05
iter 36840: loss=0.5953 (running=0.5904) lr=3.42e-05
iter 36850: loss=0.4514 (running=0.5891) lr=3.42e-05
iter 36860: loss=0.5870 (running=0.5923) lr=3.42e-05
iter 36870: loss=0.6464 (running=0.5851) lr=3.42e-05
iter 36880: loss=0.5627 (running=0.5885) lr=3.41e-05
iter 36890: loss=0.5688 (running=0.5818) lr=3.41e-05
iter 36900: loss=0.5486 (running=0.5833) lr=3.41e-05
iter 36910: loss=0.6005 (running=0.5865) lr=3.41e-05
iter 36920: loss=0.5430 (running=0.5913) lr=3.40e-05
iter 36930: loss=0.6491 (running=0.5874) lr=3.40e-05
iter 36940: loss=0.5703 (running=0.5896) lr=3.40e-05
iter 36950: loss=0.5769 (running=0.5931) lr=3.40e-05
iter 36960: loss=0.6532 (running=0.5975) lr=3.39e-05
iter 36970: loss=0.6276 (running=0.5976) lr=3.39e-05
iter 36980: loss=0.5601 (running=0.6089) lr=3.39e-05
iter 36990: loss=0.4905 (running=0.6099) lr=3.39e-05
[eval] iter 37000: train_loss=0.5090 val_loss=0.5930 lr=3.38e-05 elapsed=39919s
[sample] iter 37000:
------------------------------------------------------------
public class TestData {

	protected List<String> items = new ArrayList<>();

	protected TestData() {
	}

	public TestData(String items) {
		this.items.add(items);
	}

	public boolean isEmpty() {
		
------------------------------------------------------------
iter 37000: loss=0.5461 (running=0.6061) lr=3.38e-05
iter 37010: loss=0.5759 (running=0.6005) lr=3.38e-05
iter 37020: loss=0.6737 (running=0.5960) lr=3.38e-05
iter 37030: loss=0.6303 (running=0.6003) lr=3.37e-05
iter 37040: loss=0.5089 (running=0.5993) lr=3.37e-05
iter 37050: loss=0.6207 (running=0.5970) lr=3.37e-05
iter 37060: loss=0.6820 (running=0.6013) lr=3.37e-05
iter 37070: loss=0.5494 (running=0.5995) lr=3.36e-05
iter 37080: loss=0.5545 (running=0.5963) lr=3.36e-05
iter 37090: loss=0.5378 (running=0.5940) lr=3.36e-05
iter 37100: loss=0.5374 (running=0.5966) lr=3.36e-05
iter 37110: loss=0.6365 (running=0.6012) lr=3.36e-05
iter 37120: loss=0.6213 (running=0.5999) lr=3.35e-05
iter 37130: loss=0.5871 (running=0.5972) lr=3.35e-05
iter 37140: loss=0.5674 (running=0.5964) lr=3.35e-05
iter 37150: loss=0.5179 (running=0.5914) lr=3.35e-05
iter 37160: loss=0.6053 (running=0.5869) lr=3.34e-05
iter 37170: loss=0.5528 (running=0.5873) lr=3.34e-05
iter 37180: loss=0.4776 (running=0.5850) lr=3.34e-05
iter 37190: loss=0.7114 (running=0.5882) lr=3.34e-05
iter 37200: loss=0.6112 (running=0.5965) lr=3.33e-05
iter 37210: loss=0.4942 (running=0.5933) lr=3.33e-05
iter 37220: loss=0.6104 (running=0.5922) lr=3.33e-05
iter 37230: loss=0.6053 (running=0.5915) lr=3.33e-05
iter 37240: loss=0.6337 (running=0.5972) lr=3.32e-05
iter 37250: loss=0.6021 (running=0.5962) lr=3.32e-05
iter 37260: loss=0.5507 (running=0.5892) lr=3.32e-05
iter 37270: loss=0.5908 (running=0.5833) lr=3.32e-05
iter 37280: loss=0.6940 (running=0.5890) lr=3.31e-05
iter 37290: loss=0.5035 (running=0.5867) lr=3.31e-05
iter 37300: loss=0.5404 (running=0.5887) lr=3.31e-05
iter 37310: loss=0.4969 (running=0.5875) lr=3.31e-05
iter 37320: loss=0.6863 (running=0.5824) lr=3.31e-05
iter 37330: loss=0.5923 (running=0.5871) lr=3.30e-05
iter 37340: loss=0.4792 (running=0.5836) lr=3.30e-05
iter 37350: loss=0.5622 (running=0.5890) lr=3.30e-05
iter 37360: loss=0.5353 (running=0.5858) lr=3.30e-05
iter 37370: loss=0.5384 (running=0.5870) lr=3.29e-05
iter 37380: loss=0.5847 (running=0.5908) lr=3.29e-05
iter 37390: loss=0.6221 (running=0.5857) lr=3.29e-05
iter 37400: loss=0.6904 (running=0.5889) lr=3.29e-05
iter 37410: loss=0.5551 (running=0.5905) lr=3.29e-05
iter 37420: loss=0.6858 (running=0.5832) lr=3.28e-05
iter 37430: loss=0.4985 (running=0.5784) lr=3.28e-05
iter 37440: loss=0.6804 (running=0.5815) lr=3.28e-05
iter 37450: loss=0.6706 (running=0.5848) lr=3.28e-05
iter 37460: loss=0.6939 (running=0.5931) lr=3.27e-05
iter 37470: loss=0.5678 (running=0.5895) lr=3.27e-05
iter 37480: loss=0.6694 (running=0.5845) lr=3.27e-05
iter 37490: loss=0.5180 (running=0.5774) lr=3.27e-05
[eval] iter 37500: train_loss=0.5023 val_loss=0.5924 lr=3.27e-05 elapsed=40446s
iter 37500: loss=0.7410 (running=0.5773) lr=3.27e-05
iter 37510: loss=0.6090 (running=0.5770) lr=3.26e-05
iter 37520: loss=0.5490 (running=0.5762) lr=3.26e-05
iter 37530: loss=0.5018 (running=0.5722) lr=3.26e-05
iter 37540: loss=0.4812 (running=0.5830) lr=3.26e-05
iter 37550: loss=0.5386 (running=0.5796) lr=3.26e-05
iter 37560: loss=0.5117 (running=0.5773) lr=3.25e-05
iter 37570: loss=0.5173 (running=0.5735) lr=3.25e-05
iter 37580: loss=0.5534 (running=0.5764) lr=3.25e-05
iter 37590: loss=0.5519 (running=0.5729) lr=3.25e-05
iter 37600: loss=0.5249 (running=0.5747) lr=3.25e-05
iter 37610: loss=0.5460 (running=0.5732) lr=3.24e-05
iter 37620: loss=0.7274 (running=0.5816) lr=3.24e-05
iter 37630: loss=0.6071 (running=0.5782) lr=3.24e-05
iter 37640: loss=0.5240 (running=0.5789) lr=3.24e-05
iter 37650: loss=0.6191 (running=0.5819) lr=3.24e-05
iter 37660: loss=0.5217 (running=0.5791) lr=3.23e-05
iter 37670: loss=0.5523 (running=0.5750) lr=3.23e-05
iter 37680: loss=0.7199 (running=0.5736) lr=3.23e-05
iter 37690: loss=0.5319 (running=0.5769) lr=3.23e-05
iter 37700: loss=0.6098 (running=0.5712) lr=3.23e-05
iter 37710: loss=0.5278 (running=0.5765) lr=3.22e-05
iter 37720: loss=0.5849 (running=0.5769) lr=3.22e-05
iter 37730: loss=0.4827 (running=0.5796) lr=3.22e-05
iter 37740: loss=0.6554 (running=0.5816) lr=3.22e-05
iter 37750: loss=0.6451 (running=0.5845) lr=3.22e-05
iter 37760: loss=0.5966 (running=0.5836) lr=3.21e-05
iter 37770: loss=0.5874 (running=0.5880) lr=3.21e-05
iter 37780: loss=0.6884 (running=0.5917) lr=3.21e-05
iter 37790: loss=0.5821 (running=0.5884) lr=3.21e-05
iter 37800: loss=0.5933 (running=0.5859) lr=3.21e-05
iter 37810: loss=0.5724 (running=0.5818) lr=3.20e-05
iter 37820: loss=0.5544 (running=0.5839) lr=3.20e-05
iter 37830: loss=0.5563 (running=0.5829) lr=3.20e-05
iter 37840: loss=0.5944 (running=0.5800) lr=3.20e-05
iter 37850: loss=0.5813 (running=0.5783) lr=3.20e-05
iter 37860: loss=0.4876 (running=0.5765) lr=3.20e-05
iter 37870: loss=0.5315 (running=0.5776) lr=3.19e-05
iter 37880: loss=0.5291 (running=0.5774) lr=3.19e-05
iter 37890: loss=0.6498 (running=0.5777) lr=3.19e-05
iter 37900: loss=0.6709 (running=0.5852) lr=3.19e-05
iter 37910: loss=0.5232 (running=0.5854) lr=3.19e-05
iter 37920: loss=0.4880 (running=0.5853) lr=3.18e-05
iter 37930: loss=0.7040 (running=0.5926) lr=3.18e-05
iter 37940: loss=0.5682 (running=0.5875) lr=3.18e-05
iter 37950: loss=0.5979 (running=0.5890) lr=3.18e-05
iter 37960: loss=0.6015 (running=0.5874) lr=3.18e-05
iter 37970: loss=0.6081 (running=0.5827) lr=3.18e-05
iter 37980: loss=0.4264 (running=0.5820) lr=3.17e-05
iter 37990: loss=0.6327 (running=0.5858) lr=3.17e-05
[eval] iter 38000: train_loss=0.5004 val_loss=0.5835 lr=3.17e-05 elapsed=40975s
  saved checkpoint -> checkpoints/ckpt.pt (val_loss=0.5835)
[sample] iter 38000:
------------------------------------------------------------
public class Test6308171 implements Serializable {
  private static final long serialVersionUID = 1;

  // Unique index values for testing
  private final Integer i;
  private final boolean m;

  @Override
  public int hashCode() {
    return 
------------------------------------------------------------
iter 38000: loss=0.5096 (running=0.5863) lr=3.17e-05
iter 38010: loss=0.5704 (running=0.5873) lr=3.17e-05
iter 38020: loss=0.4422 (running=0.5815) lr=3.17e-05
iter 38030: loss=0.5407 (running=0.5814) lr=3.17e-05
iter 38040: loss=0.5821 (running=0.5819) lr=3.16e-05
iter 38050: loss=0.5127 (running=0.5804) lr=3.16e-05
iter 38060: loss=0.4814 (running=0.5743) lr=3.16e-05
iter 38070: loss=0.5788 (running=0.5720) lr=3.16e-05
iter 38080: loss=0.5053 (running=0.5721) lr=3.16e-05
iter 38090: loss=0.6785 (running=0.5771) lr=3.16e-05
iter 38100: loss=0.6123 (running=0.5878) lr=3.15e-05
iter 38110: loss=0.4815 (running=0.5881) lr=3.15e-05
iter 38120: loss=0.6934 (running=0.5925) lr=3.15e-05
iter 38130: loss=0.5426 (running=0.5864) lr=3.15e-05
iter 38140: loss=0.4867 (running=0.5861) lr=3.15e-05
iter 38150: loss=0.5296 (running=0.5866) lr=3.15e-05
iter 38160: loss=0.5517 (running=0.5855) lr=3.14e-05
iter 38170: loss=0.5685 (running=0.5790) lr=3.14e-05
iter 38180: loss=0.6602 (running=0.5761) lr=3.14e-05
iter 38190: loss=0.5850 (running=0.5800) lr=3.14e-05
iter 38200: loss=0.5033 (running=0.5827) lr=3.14e-05
iter 38210: loss=0.5986 (running=0.5858) lr=3.14e-05
iter 38220: loss=0.6579 (running=0.5899) lr=3.14e-05
iter 38230: loss=0.5923 (running=0.5916) lr=3.13e-05
iter 38240: loss=0.5221 (running=0.5929) lr=3.13e-05
iter 38250: loss=0.5969 (running=0.5986) lr=3.13e-05
iter 38260: loss=0.5293 (running=0.5937) lr=3.13e-05
iter 38270: loss=0.6011 (running=0.5911) lr=3.13e-05
iter 38280: loss=0.5712 (running=0.5931) lr=3.13e-05
iter 38290: loss=0.4980 (running=0.5960) lr=3.12e-05
iter 38300: loss=0.5120 (running=0.5926) lr=3.12e-05
iter 38310: loss=0.5193 (running=0.5896) lr=3.12e-05
iter 38320: loss=0.5260 (running=0.5888) lr=3.12e-05
iter 38330: loss=0.5867 (running=0.5909) lr=3.12e-05
iter 38340: loss=0.6635 (running=0.5989) lr=3.12e-05
iter 38350: loss=0.5536 (running=0.6020) lr=3.12e-05
iter 38360: loss=0.5635 (running=0.5965) lr=3.11e-05
iter 38370: loss=0.6581 (running=0.6006) lr=3.11e-05
iter 38380: loss=0.5806 (running=0.5932) lr=3.11e-05
iter 38390: loss=0.6145 (running=0.5909) lr=3.11e-05
iter 38400: loss=0.6065 (running=0.5914) lr=3.11e-05
iter 38410: loss=0.5692 (running=0.5860) lr=3.11e-05
iter 38420: loss=0.6704 (running=0.5826) lr=3.11e-05
iter 38430: loss=0.6434 (running=0.5897) lr=3.11e-05
iter 38440: loss=0.5724 (running=0.5850) lr=3.10e-05
iter 38450: loss=0.6057 (running=0.5847) lr=3.10e-05
iter 38460: loss=0.5322 (running=0.5919) lr=3.10e-05
iter 38470: loss=0.4974 (running=0.5909) lr=3.10e-05
iter 38480: loss=0.6403 (running=0.5882) lr=3.10e-05
iter 38490: loss=0.5985 (running=0.5907) lr=3.10e-05
[eval] iter 38500: train_loss=0.5004 val_loss=0.5789 lr=3.10e-05 elapsed=41508s
  saved checkpoint -> checkpoints/ckpt.pt (val_loss=0.5789)
iter 38500: loss=0.6464 (running=0.5925) lr=3.10e-05
iter 38510: loss=0.5328 (running=0.5910) lr=3.09e-05
iter 38520: loss=0.6279 (running=0.5916) lr=3.09e-05
iter 38530: loss=0.6660 (running=0.5918) lr=3.09e-05
iter 38540: loss=0.6310 (running=0.5897) lr=3.09e-05
iter 38550: loss=0.5553 (running=0.5879) lr=3.09e-05
iter 38560: loss=0.6606 (running=0.5914) lr=3.09e-05
iter 38570: loss=0.5841 (running=0.5963) lr=3.09e-05
iter 38580: loss=0.5543 (running=0.5912) lr=3.09e-05
iter 38590: loss=0.5332 (running=0.5888) lr=3.08e-05
iter 38600: loss=0.4765 (running=0.5907) lr=3.08e-05
iter 38610: loss=0.6090 (running=0.5918) lr=3.08e-05
iter 38620: loss=0.6842 (running=0.5942) lr=3.08e-05
iter 38630: loss=0.6422 (running=0.5890) lr=3.08e-05
iter 38640: loss=0.4717 (running=0.5824) lr=3.08e-05
iter 38650: loss=0.5149 (running=0.5830) lr=3.08e-05
iter 38660: loss=0.8099 (running=0.5863) lr=3.08e-05
iter 38670: loss=0.7358 (running=0.5994) lr=3.08e-05
iter 38680: loss=0.6420 (running=0.6021) lr=3.07e-05
iter 38690: loss=0.5899 (running=0.5939) lr=3.07e-05
iter 38700: loss=0.5804 (running=0.5894) lr=3.07e-05
iter 38710: loss=0.5123 (running=0.5927) lr=3.07e-05
iter 38720: loss=0.5678 (running=0.5868) lr=3.07e-05
iter 38730: loss=0.5819 (running=0.5880) lr=3.07e-05
iter 38740: loss=0.6006 (running=0.5929) lr=3.07e-05
iter 38750: loss=0.5942 (running=0.5971) lr=3.07e-05
iter 38760: loss=0.6998 (running=0.6008) lr=3.07e-05
iter 38770: loss=0.6773 (running=0.5895) lr=3.06e-05
iter 38780: loss=0.6467 (running=0.5884) lr=3.06e-05
iter 38790: loss=0.6241 (running=0.5884) lr=3.06e-05
iter 38800: loss=0.5440 (running=0.5902) lr=3.06e-05
iter 38810: loss=0.6066 (running=0.5960) lr=3.06e-05
iter 38820: loss=0.5985 (running=0.5954) lr=3.06e-05
iter 38830: loss=0.6118 (running=0.5965) lr=3.06e-05
iter 38840: loss=0.4881 (running=0.5959) lr=3.06e-05
iter 38850: loss=0.5303 (running=0.5905) lr=3.06e-05
iter 38860: loss=0.5511 (running=0.5882) lr=3.06e-05
iter 38870: loss=0.6219 (running=0.5851) lr=3.05e-05
iter 38880: loss=0.7016 (running=0.5867) lr=3.05e-05
iter 38890: loss=0.5939 (running=0.5816) lr=3.05e-05
iter 38900: loss=0.5937 (running=0.5805) lr=3.05e-05
iter 38910: loss=0.6457 (running=0.5895) lr=3.05e-05
iter 38920: loss=0.6171 (running=0.5850) lr=3.05e-05
iter 38930: loss=0.5155 (running=0.5793) lr=3.05e-05
iter 38940: loss=0.6739 (running=0.5794) lr=3.05e-05
iter 38950: loss=0.4740 (running=0.5768) lr=3.05e-05
iter 38960: loss=0.5639 (running=0.5809) lr=3.05e-05
iter 38970: loss=0.6231 (running=0.5789) lr=3.05e-05
iter 38980: loss=0.5741 (running=0.5837) lr=3.04e-05
iter 38990: loss=0.5966 (running=0.5851) lr=3.04e-05
[eval] iter 39000: train_loss=0.5134 val_loss=0.5557 lr=3.04e-05 elapsed=42048s
  saved checkpoint -> checkpoints/ckpt.pt (val_loss=0.5557)
[sample] iter 39000:
------------------------------------------------------------
public class Class2 {
    @Id @GeneratedValue
    private long id;
    private String name;
    @Column(name = "`number`")
    private String number;
    @OneToMany(mappedBy = "class2", cascade = CascadeType.ALL)
------------------------------------------------------------
iter 39000: loss=0.5576 (running=0.5841) lr=3.04e-05
iter 39010: loss=0.5497 (running=0.5818) lr=3.04e-05
iter 39020: loss=0.6997 (running=0.5798) lr=3.04e-05
iter 39030: loss=0.5343 (running=0.5786) lr=3.04e-05
iter 39040: loss=0.5203 (running=0.5803) lr=3.04e-05
iter 39050: loss=0.6094 (running=0.5849) lr=3.04e-05
iter 39060: loss=0.5623 (running=0.5811) lr=3.04e-05
iter 39070: loss=0.7211 (running=0.5833) lr=3.04e-05
iter 39080: loss=0.6349 (running=0.5847) lr=3.04e-05
iter 39090: loss=0.4903 (running=0.5825) lr=3.04e-05
iter 39100: loss=0.5479 (running=0.5802) lr=3.03e-05
iter 39110: loss=0.5894 (running=0.5785) lr=3.03e-05
iter 39120: loss=0.5337 (running=0.5833) lr=3.03e-05
iter 39130: loss=0.5865 (running=0.5832) lr=3.03e-05
iter 39140: loss=0.5146 (running=0.5813) lr=3.03e-05
iter 39150: loss=0.4604 (running=0.5822) lr=3.03e-05
iter 39160: loss=0.4865 (running=0.5827) lr=3.03e-05
iter 39170: loss=0.5493 (running=0.5854) lr=3.03e-05
iter 39180: loss=0.5346 (running=0.5818) lr=3.03e-05
iter 39190: loss=0.7436 (running=0.5789) lr=3.03e-05
iter 39200: loss=0.7264 (running=0.5862) lr=3.03e-05
iter 39210: loss=0.4944 (running=0.5812) lr=3.03e-05
iter 39220: loss=0.5951 (running=0.5826) lr=3.03e-05
iter 39230: loss=0.5911 (running=0.5860) lr=3.03e-05
iter 39240: loss=0.4776 (running=0.5774) lr=3.02e-05
iter 39250: loss=0.5289 (running=0.5791) lr=3.02e-05
iter 39260: loss=0.5724 (running=0.5784) lr=3.02e-05
iter 39270: loss=0.5817 (running=0.5761) lr=3.02e-05
iter 39280: loss=0.4982 (running=0.5694) lr=3.02e-05
iter 39290: loss=0.5665 (running=0.5729) lr=3.02e-05
iter 39300: loss=0.4856 (running=0.5741) lr=3.02e-05
iter 39310: loss=0.5319 (running=0.5728) lr=3.02e-05
iter 39320: loss=0.5662 (running=0.5687) lr=3.02e-05
iter 39330: loss=0.4686 (running=0.5677) lr=3.02e-05
iter 39340: loss=0.6316 (running=0.5696) lr=3.02e-05
iter 39350: loss=0.6632 (running=0.5800) lr=3.02e-05
iter 39360: loss=0.6186 (running=0.5911) lr=3.02e-05
iter 39370: loss=0.6130 (running=0.5839) lr=3.02e-05
iter 39380: loss=0.5914 (running=0.5827) lr=3.02e-05
iter 39390: loss=0.7175 (running=0.5888) lr=3.02e-05
iter 39400: loss=0.6337 (running=0.5908) lr=3.02e-05
iter 39410: loss=0.6111 (running=0.5858) lr=3.01e-05
iter 39420: loss=0.5912 (running=0.5852) lr=3.01e-05
iter 39430: loss=0.5818 (running=0.5825) lr=3.01e-05
iter 39440: loss=0.6198 (running=0.5837) lr=3.01e-05
iter 39450: loss=0.7163 (running=0.5869) lr=3.01e-05
iter 39460: loss=0.5621 (running=0.5828) lr=3.01e-05
iter 39470: loss=0.5849 (running=0.5822) lr=3.01e-05
iter 39480: loss=0.5854 (running=0.5864) lr=3.01e-05
iter 39490: loss=0.7677 (running=0.5919) lr=3.01e-05
[eval] iter 39500: train_loss=0.5031 val_loss=0.5772 lr=3.01e-05 elapsed=42579s
iter 39500: loss=0.6152 (running=0.5872) lr=3.01e-05
iter 39510: loss=0.4942 (running=0.5828) lr=3.01e-05
iter 39520: loss=0.4957 (running=0.5840) lr=3.01e-05
iter 39530: loss=0.5143 (running=0.5800) lr=3.01e-05
iter 39540: loss=0.5974 (running=0.5781) lr=3.01e-05
iter 39550: loss=0.5582 (running=0.5719) lr=3.01e-05
iter 39560: loss=0.5779 (running=0.5816) lr=3.01e-05
iter 39570: loss=0.5230 (running=0.5810) lr=3.01e-05
iter 39580: loss=0.6347 (running=0.5823) lr=3.01e-05
iter 39590: loss=0.5566 (running=0.5856) lr=3.01e-05
iter 39600: loss=0.6233 (running=0.5832) lr=3.01e-05
iter 39610: loss=0.6672 (running=0.5908) lr=3.01e-05
iter 39620: loss=0.5110 (running=0.5893) lr=3.01e-05
iter 39630: loss=0.5202 (running=0.5873) lr=3.01e-05
iter 39640: loss=0.5425 (running=0.5874) lr=3.01e-05
iter 39650: loss=0.6377 (running=0.5871) lr=3.01e-05
iter 39660: loss=0.5546 (running=0.5863) lr=3.00e-05
iter 39670: loss=0.5649 (running=0.5864) lr=3.00e-05
iter 39680: loss=0.6029 (running=0.5879) lr=3.00e-05
iter 39690: loss=0.5375 (running=0.5885) lr=3.00e-05
iter 39700: loss=0.6023 (running=0.5875) lr=3.00e-05
iter 39710: loss=0.5904 (running=0.5951) lr=3.00e-05
iter 39720: loss=0.6011 (running=0.5866) lr=3.00e-05
iter 39730: loss=0.6391 (running=0.5841) lr=3.00e-05
iter 39740: loss=0.6875 (running=0.5793) lr=3.00e-05
iter 39750: loss=0.5492 (running=0.5907) lr=3.00e-05
iter 39760: loss=0.5725 (running=0.5866) lr=3.00e-05
iter 39770: loss=0.5562 (running=0.5856) lr=3.00e-05
iter 39780: loss=0.6350 (running=0.5859) lr=3.00e-05
iter 39790: loss=0.5381 (running=0.5850) lr=3.00e-05
iter 39800: loss=0.4888 (running=0.5818) lr=3.00e-05
iter 39810: loss=0.6095 (running=0.5853) lr=3.00e-05
iter 39820: loss=0.4651 (running=0.5879) lr=3.00e-05
iter 39830: loss=0.5538 (running=0.5827) lr=3.00e-05
iter 39840: loss=0.7098 (running=0.5799) lr=3.00e-05
iter 39850: loss=0.6554 (running=0.5815) lr=3.00e-05
iter 39860: loss=0.5590 (running=0.5780) lr=3.00e-05
iter 39870: loss=0.5763 (running=0.5760) lr=3.00e-05
iter 39880: loss=0.5677 (running=0.5772) lr=3.00e-05
iter 39890: loss=0.6952 (running=0.5876) lr=3.00e-05
iter 39900: loss=0.5673 (running=0.5904) lr=3.00e-05
iter 39910: loss=0.5175 (running=0.5917) lr=3.00e-05
iter 39920: loss=0.5443 (running=0.5860) lr=3.00e-05
iter 39930: loss=0.6577 (running=0.5860) lr=3.00e-05
iter 39940: loss=0.5191 (running=0.5876) lr=3.00e-05
iter 39950: loss=0.7243 (running=0.5901) lr=3.00e-05
iter 39960: loss=0.5936 (running=0.5833) lr=3.00e-05
iter 39970: loss=0.5556 (running=0.5868) lr=3.00e-05
iter 39980: loss=0.5035 (running=0.5917) lr=3.00e-05
iter 39990: loss=0.5293 (running=0.5869) lr=3.00e-05
Done. Best val_loss=0.5557. Checkpoint: checkpoints/ckpt.pt
